reason,dropped_sensor,dropped_frame_index,dropped_header_ns,best_abs_delta_ms
timestamp_delta,rear,26,1789636189646865571,100.448344
timestamp_delta,rear,29,1789636189946880996,100.413136
timestamp_delta,rear,48,1789636191946899488,100.458217
timestamp_delta,front,52,1789636196846808481,900.325286
timestamp_delta,front,61,1789636198546643301,800.615137
timestamp_delta,rear,70,1789636199347258438,199.402223
timestamp_delta,rear,82,1789636200647290571,99.549674
timestamp_delta,rear,100,1789636202447209682,99.597915
timestamp_delta,rear,125,1789636204947296205,99.824807
timestamp_delta,front,135,1789636206646916930,2600.818028
timestamp_delta,front,137,1789636208546656717,2600.818028
timestamp_delta,rear,140,1789636211147474745,99.409079
timestamp_delta,front,157,1789636213246873633,100.454791
timestamp_delta,front,180,1789636216247210242,100.454791
timestamp_delta,rear,183,1789636216347665033,99.194579
timestamp_delta,front,181,1789636216446859612,2099.756337
timestamp_delta,rear,184,1789636218546615949,5800.531505
timestamp_delta,rear,197,1789636225546438575,100.716499
timestamp_delta,front,204,1789636227147128759,99.628314
timestamp_delta,rear,210,1789636227546800261,100.378742
timestamp_delta,rear,221,1789636228546537043,100.680094
timestamp_delta,rear,231,1789636229546524775,99.962539
timestamp_delta,rear,241,1789636230546845891,100.41063
timestamp_delta,front,273,1789636234546665023,199.285829
timestamp_delta,front,301,1789636237347469843,199.285829
timestamp_delta,rear,309,1789636237546755672,100.79468
timestamp_delta,rear,313,1789636238047109272,100.456691
timestamp_delta,front,344,1789636246047826771,1198.830337
timestamp_delta,rear,351,1789636247246657108,499.77991
timestamp_delta,front,345,1789636247746437018,200.148391
timestamp_delta,rear,352,1789636247946585409,8999.936747
timestamp_delta,rear,359,1789636257546848946,100.159779
timestamp_delta,rear,369,1789636258546842052,100.119097
timestamp_delta,front,385,1789636266746788743,400.072089
timestamp_delta,rear,394,1789636267146860832,199.962657
timestamp_delta,front,386,1789636267346823489,100.078718
timestamp_delta,rear,395,1789636267446902207,599.878531
timestamp_delta,front,387,1789636268046780738,500.367887
timestamp_delta,rear,396,1789636268547148625,299.573675
timestamp_delta,front,389,1789636268846722300,100.149515
timestamp_delta,rear,397,1789636268946871815,199.886346
timestamp_delta,front,388,1789636269146758161,2300.237357
timestamp_delta,rear,398,1789636271446995518,499.702547
timestamp_delta,front,390,1789636271946698065,1600.488341
timestamp_delta,rear,399,1789636273547186406,299.514671
timestamp_delta,front,391,1789636273846701077,7300.415515
timestamp_delta,rear,400,1789636281147116592,899.976517
timestamp_delta,front,392,1789636282047093109,1200.17821
timestamp_delta,rear,401,1789636283247271319,599.742109
timestamp_delta,front,393,1789636283847013428,4700.485509
timestamp_delta,rear,403,1789636288547498937,4499.852782
timestamp_delta,front,394,1789636293047351719,399.283965
timestamp_delta,front,420,1789636309446669076,1500.105121
timestamp_delta,front,434,1789636312247485631,800.190832
timestamp_delta,front,671,1789636342346663889,800.190832
timestamp_delta,front,698,1789636347246546319,300.199936
timestamp_delta,rear,705,1789636347546746255,101.067384
timestamp_delta,front,701,1789636347647813639,999.57252
timestamp_delta,front,704,1789636347946859103,999.57252
timestamp_delta,front,720,1789636350946478842,999.57252
timestamp_delta,front,722,1789636351747520401,999.57252
timestamp_delta,front,800,1789636360447027558,100.143969
timestamp_delta,front,805,1789636360947008828,100.143969
timestamp_delta,rear,805,1789636361047152797,99.806293
timestamp_delta,front,831,1789636367246638867,1200.028546
timestamp_delta,rear,830,1789636368446667413,399.80554
timestamp_delta,front,830,1789636368846472953,200.142963
timestamp_delta,rear,831,1789636369046615916,1900.131292
timestamp_delta,front,842,1789636372046665946,1000.985987
timestamp_delta,front,888,1789636376546667043,1000.985987
timestamp_delta,front,921,1789636379846609288,1000.985987
timestamp_delta,rear,928,1789636380847595275,99.601613
timestamp_delta,front,1042,1789636391946602612,100.035636
timestamp_delta,front,1065,1789636394346851380,3399.814206
timestamp_delta,rear,1094,1789636397746665586,100.942199
timestamp_delta,front,1098,1789636397946551905,600.091101
timestamp_delta,rear,1099,1789636398946781477,1599.846137
timestamp_delta,rear,1140,1789636404547413281,99.95742
timestamp_delta,rear,1154,1789636405947272356,99.980845
timestamp_delta,front,1158,1789636406947219966,99.983303
timestamp_delta,rear,1157,1789636407047203269,3999.605892
timestamp_delta,front,1178,1789636417446589841,1199.938602
timestamp_delta,front,1186,1789636420346850981,1799.824023
timestamp_delta,rear,1184,1789636422146675004,1500.939219
timestamp_delta,front,1187,1789636423647614223,2300.164561
timestamp_delta,rear,1185,1789636425947778784,99.636596
timestamp_delta,front,1188,1789636426047415380,3800.097959
timestamp_delta,rear,1186,1789636429847513339,1299.791597
timestamp_delta,front,1189,1789636431147304936,2799.788589
timestamp_delta,rear,1187,1789636433947093525,699.980224
timestamp_delta,front,1191,1789636434647073749,2999.685798
timestamp_delta,rear,1213,1789636440146644780,100.709763
timestamp_delta,rear,1233,1789636442146739053,100.361005
timestamp_delta,front,1237,1789636442446632174,100.926848
timestamp_delta,rear,1312,1789636450246821739,100.926848
timestamp_delta,front,1317,1789636450546643555,400.063073
timestamp_delta,front,1340,1789636456647360045,400.063073
timestamp_delta,rear,1338,1789636457047423118,999.852801
timestamp_delta,front,1341,1789636458047275919,2699.860428
timestamp_delta,rear,1339,1789636460747136347,4199.732657
timestamp_delta,front,1342,1789636464946869004,599.930843
timestamp_delta,rear,1340,1789636465546799847,1000.000951
timestamp_delta,front,1343,1789636466546800798,2799.791392
timestamp_delta,rear,1342,1789636469346592190,3199.975822
