bin_start_deg,bin_end_deg,points,avg_points_per_frame,points_per_second
-180.0,-175.0,192098,131.8448867536033,640.3226001782001
-175.0,-170.0,246936,169.4824982841455,823.1147726556445
-170.0,-165.0,294733,202.2875772134523,982.4370941827684
-165.0,-160.0,305090,209.39601921757034,1016.9602082706069
-160.0,-155.0,302345,207.51201098146876,1007.8102663790247
-155.0,-150.0,277305,190.32601235415237,924.3441297796737
-150.0,-145.0,310639,213.20452985586823,1035.4567574714774
-145.0,-140.0,293342,201.3328757721345,977.8004569619338
-140.0,-135.0,305302,209.54152367879203,1017.6668704494832
-135.0,-130.0,308758,211.91352093342485,1029.1867972900327
-130.0,-125.0,284889,195.5312285518188,949.6239692353238
-125.0,-120.0,257779,176.92450240219628,859.2578764554354
-120.0,-115.0,288566,198.05490734385725,961.8805580642302
-115.0,-110.0,349950,240.1853122855182,1166.4925919705624
-110.0,-105.0,369717,253.7522306108442,1232.382173526448
-105.0,-100.0,398134,273.25600549073437,1327.104905305352
-100.0,-95.0,396634,272.2264927934111,1322.1049370585856
-95.0,-90.0,360896,247.69800960878518,1202.9790269232979
-90.0,-85.0,396200,271.92862045298557,1320.658279579188
-85.0,-80.0,405651,278.4152367879204,1352.1614128459798
-80.0,-75.0,401897,275.83870967741933,1339.6481589804062
-75.0,-70.0,391494,268.6986959505834,1304.971712533
-70.0,-65.0,393666,270.18943033630745,1312.2116665543176
-65.0,-60.0,405957,278.62525737817435,1353.18140636832
-60.0,-55.0,406742,279.1640356897735,1355.798056417461
-55.0,-50.0,403151,276.6993822923816,1343.8281324347029
-50.0,-45.0,387798,266.16197666437887,1292.651790772968
-45.0,-40.0,402561,276.29444063143444,1341.8614782576415
-40.0,-35.0,400298,274.7412491420728,1334.3181928293534
-35.0,-30.0,382429,262.4770075497598,1274.7552377617094
-30.0,-25.0,363316,249.35895676046673,1211.0456423614141
-25.0,-20.0,354026,242.98284145504462,1180.0791723531086
-20.0,-15.0,367997,252.57172271791353,1226.6488766034893
-15.0,-10.0,365519,250.8709677419355,1218.3889290598315
-10.0,-5.0,363070,249.1901166781057,1210.2256475689444
-5.0,0.0,360756,247.601921757035,1202.5123632202665
0.0,5.0,5392224,3700.9087165408373,17973.96585296721
5.0,10.0,367550,252.2649279341112,1225.1588860659529
10.0,15.0,371989,255.31159917638985,1239.9554587642165
15.0,20.0,362060,248.49691146190804,1206.8590022827887
20.0,25.0,348159,238.9560741249142,1160.5226298839236
25.0,30.0,359258,246.57378174330816,1197.5190615978292
30.0,35.0,361806,248.32258064516128,1206.0123409930027
35.0,40.0,369036,253.28483184625944,1230.112187942416
40.0,45.0,365270,250.70006863417981,1217.5589343308682
45.0,50.0,366038,251.22717913520933,1220.1189180732126
50.0,55.0,379699,260.60329444063143,1265.655295552595
55.0,60.0,381343,261.73164035689774,1271.1352607510507
60.0,65.0,361227,247.9251887439945,1204.0823532497511
65.0,70.0,370764,254.47083047357583,1235.8721513626908
70.0,75.0,354841,243.54221002059026,1182.7958217671849
75.0,80.0,358072,245.75978037062458,1193.5657533707194
80.0,85.0,337381,231.55868222374744,1124.596191374826
85.0,90.0,329506,226.15374056280027,1098.3463580793032
90.0,95.0,319692,219.41798215511324,1065.633232496794
95.0,100.0,307625,211.13589567604666,1025.410154607642
100.0,105.0,301613,207.009608785175,1005.3702818746028
105.0,110.0,302676,207.73919011667812,1008.9135927054779
110.0,115.0,303999,208.64722031571722,1013.3235646991257
115.0,120.0,293807,201.65202470830474,979.3504471184314
120.0,125.0,282711,194.03637611530542,942.3640153410192
125.0,130.0,298663,204.98490048043925,995.5370109892959
130.0,135.0,306540,210.39121482498285,1021.7935109091477
135.0,140.0,301055,206.62663006177075,1003.5102936868058
140.0,145.0,313341,215.05902539464654,1044.4633669399857
145.0,150.0,328623,225.54770075497598,1095.4030434380402
150.0,155.0,306460,210.3363074811256,1021.5268459359868
155.0,160.0,303320,208.1811942347289,1011.0602457394228
160.0,165.0,276100,189.49897048730267,920.3274886214382
165.0,170.0,183624,126.02882635552506,612.0761128961353
170.0,175.0,181251,124.40013726835964,604.1661631297511
175.0,180.0,194092,133.21345229924503,646.9692246342346
