reason,dropped_sensor,dropped_frame_index,dropped_header_ns,best_abs_delta_ms,arrival_order
timestamp_delta,rear,1,1789636614047686243,100.130997,0
timestamp_delta,front,3,1789636614346736679,199.890519,27
timestamp_delta,front,27,1789636616747570189,199.890519,28
timestamp_delta,rear,28,1789636616947460708,100.2682,29
timestamp_delta,rear,49,1789636619047382378,100.131512,50
timestamp_delta,rear,227,1789636636846651861,100.119313,228
timestamp_delta,rear,358,1789636649947821112,100.020611,359
timestamp_delta,rear,577,1789636671847100489,99.812496,578
timestamp_delta,front,792,1789636693846867784,9799.538842,1154
timestamp_delta,front,1040,1789636718647061760,9799.538842,1155
timestamp_delta,front,1054,1789636720047075971,9799.538842,1156
timestamp_delta,rear,1153,1789636729846614813,100.138923,1157
timestamp_delta,rear,1251,1789636739646771280,100.339887,1255
timestamp_delta,rear,1481,1789636762647192829,100.056185,1485
timestamp_delta,rear,1692,1789636783746604157,100.058125,1696
timestamp_delta,front,1694,1789636784446615634,14801.033909,1850
timestamp_delta,rear,1846,1789636799247649543,100.233193,1851
timestamp_delta,rear,1915,1789636806147353277,100.443889,1920
timestamp_delta,front,2072,1789636822446750048,11699.981621,2199
timestamp_delta,rear,2194,1789636834146731669,100.168141,2200
timestamp_delta,rear,2253,1789636840047256124,99.616562,2259
timestamp_delta,front,2318,1789636847246612072,17900.860619,2508
timestamp_delta,rear,2502,1789636865147472691,99.41003,2509
timestamp_delta,front,2540,1789636869647812875,12099.277774,2880
timestamp_delta,front,2553,1789636870947834130,12099.277774,2881
timestamp_delta,front,2572,1789636872847745248,12099.277774,2882
timestamp_delta,front,2599,1789636875547829252,12099.277774,2883
timestamp_delta,front,2747,1789636890347393847,12099.277774,2884
timestamp_delta,front,2751,1789636890747292839,12099.277774,2885
timestamp_delta,rear,2873,1789636902846570613,100.411953,2886
