timestamp,interface,rx_bytes_per_sec,tx_bytes_per_sec
1789626526.216249123,lo,5072,5072
1789626526.216249123,eno1,120,1244
1789626527.220148936,lo,36784,36784
1789626527.220148936,eno1,120,0
1789626528.224051740,lo,1539,1539
1789626528.224051740,eno1,120,0
1789626529.227813603,lo,9806,9806
1789626529.227813603,eno1,120,1244
1789626530.231422374,lo,33201,33201
1789626530.231422374,eno1,120,0
1789626531.235038747,lo,485,485
1789626531.235038747,eno1,120,0
1789626532.239248967,lo,30098,30098
1789626532.239248967,eno1,120,1244
1789626533.242914838,lo,5366,5366
1789626533.242914838,eno1,120,0
1789626534.246521733,lo,1027,1027
1789626534.246521733,eno1,120,0
1789626535.250006364,lo,3856,3856
1789626535.250006364,eno1,120,1244
1789626536.253764621,lo,8895,8895
1789626536.253764621,eno1,120,0
1789626537.257885897,lo,1545,1545
1789626537.257885897,eno1,120,0
1789626538.261709794,lo,3752,3752
1789626538.261709794,eno1,120,1244
1789626539.265476878,lo,312,312
1789626539.265476878,eno1,120,0
1789626540.269021798,lo,312,312
1789626540.269021798,eno1,120,0
1789626541.272821233,lo,3856,3856
1789626541.272821233,eno1,120,1244
1789626542.277015052,lo,6557,6557
1789626542.277015052,eno1,120,0
1789626543.281341952,lo,4429,4429
1789626543.281341952,eno1,120,0
1789626544.285760185,lo,29513,29513
1789626544.285760185,eno1,120,1244
1789626545.289873004,lo,314,314
1789626545.289873004,eno1,120,0
1789626546.293738664,lo,274,274
1789626546.293738664,eno1,120,0
1789626547.297294245,lo,3804,3804
1789626547.297294245,eno1,120,1244
1789626548.300642767,lo,0,0
1789626548.300642767,eno1,120,0
1789626549.304343921,lo,580,580
1789626549.304343921,eno1,120,0
1789626550.308406047,lo,4168,4168
1789626550.308406047,eno1,120,1244
1789626551.312190777,lo,5284,5284
1789626551.312190777,eno1,120,0
1789626552.315959224,lo,5990,5990
1789626552.315959224,eno1,120,0
1789626553.319765136,lo,8539,8539
1789626553.319765136,eno1,120,1244
1789626554.323562766,lo,624,624
1789626554.323562766,eno1,120,0
1789626555.326739457,lo,936,936
1789626555.326739457,eno1,120,0
1789626556.330095553,lo,4064,4064
1789626556.330095553,eno1,120,1244
1789626557.333626657,lo,0,0
1789626557.333626657,eno1,120,0
1789626558.337731630,lo,104,104
1789626558.337731630,eno1,120,0
1789626559.347848416,lo,4397,4397
1789626559.347848416,eno1,120,1244
1789626560.351904885,lo,29436,29436
1789626560.351904885,eno1,120,0
1789626561.356419663,lo,314,314
1789626561.356419663,eno1,120,0
1789626562.360585020,lo,17140,17140
1789626562.360585020,eno1,120,1244
1789626563.364193620,lo,11977,11977
1789626563.364193620,eno1,120,0
1789626564.367805728,lo,33262,33262
1789626564.367805728,eno1,120,0
1789626565.371515039,lo,5835,5835
1789626565.371515039,eno1,120,1244
1789626566.374588590,lo,416,416
1789626566.374588590,eno1,120,0
1789626567.377471647,lo,104,104
1789626567.377471647,eno1,120,0
1789626568.380839631,lo,3856,3856
1789626568.380839631,eno1,120,1244
1789626568.380839631,437710951469,0,5
1789626569.384388576,lo,0,0
1789626569.384388576,eno1,120,0
1789626569.384388576,437710951469,0,0
1789626570.388417065,lo,14120,14120
1789626570.388417065,eno1,120,0
1789626570.388417065,437710951469,0,0
1789626571.391881535,lo,3960,3960
1789626571.391881535,eno1,120,1244
1789626571.391881535,437710951469,0,0
1789626572.395239753,lo,389242,389242
1789626572.395239753,eno1,120,0
1789626573.399061371,lo,328068,328068
1789626573.399061371,eno1,120,0
1789626574.403133721,lo,31619,31619
1789626574.403133721,eno1,120,1244
1789626575.407218773,lo,208,208
1789626575.407218773,eno1,120,0
1789626576.411530242,lo,312,312
1789626576.411530242,eno1,120,0
1789626577.415655648,lo,3962,3962
1789626577.415655648,eno1,120,1244
1789626578.419448354,lo,0,0
1789626578.419448354,eno1,120,0
1789626579.423184613,lo,208,208
1789626579.423184613,eno1,120,0
1789626580.427068143,lo,146821,146821
1789626580.427068143,eno1,120,1244
1789626581.430753518,lo,7448,7448
1789626581.430753518,eno1,120,0
1789626582.434222887,lo,6146,6146
1789626582.434222887,eno1,120,0
1789626583.438161350,lo,5218,5218
1789626583.438161350,eno1,120,1244
1789626584.442465132,lo,6986,6986
1789626584.442465132,eno1,120,0
