timestamp,total_cpu_pct,per_core_cpu_pct,ram_used_kb,ram_total_kb
1789626525.212548585,0,,19863152,65644560
1789626526.217762040,3.66,0:2.00;1:0.00;2:0.00;3:1.98;4:2.00;5:0.98;6:3.00;7:0.00;8:50.50;9:0.99;10:10.00;11:0.00;12:2.97;13:0.00;14:2.97;15:0.00;16:1.98;17:2.94;18:0.99;19:0.00;20:1.00;21:2.97;22:3.00;23:1.00;,19929980,65644560
1789626527.245206900,3.33,0:4.81;1:0.97;2:3.88;3:0.00;4:4.90;5:0.98;6:3.85;7:2.91;8:11.76;9:0.97;10:4.90;11:1.94;12:3.96;13:1.94;14:2.94;15:0.00;16:4.85;17:6.86;18:1.96;19:0.98;20:2.94;21:2.94;22:5.88;23:1.96;,19959508,65644560
1789626528.273182386,1.95,0:0.00;1:0.00;2:0.98;3:1.92;4:1.94;5:0.00;6:1.98;7:0.00;8:5.88;9:0.00;10:5.83;11:0.00;12:1.94;13:0.00;14:2.91;15:0.00;16:1.96;17:0.97;18:1.96;19:0.97;20:3.85;21:1.92;22:4.85;23:4.85;,19961472,65644560
1789626529.301323573,2.64,0:3.88;1:0.00;2:0.98;3:0.97;4:3.92;5:0.00;6:2.88;7:2.91;8:4.85;9:3.85;10:8.82;11:0.96;12:4.85;13:0.00;14:5.88;15:0.00;16:2.91;17:3.88;18:2.91;19:0.00;20:2.94;21:2.91;22:1.98;23:1.94;,19883424,65644560
1789626530.329333776,2.39,0:1.96;1:0.00;2:0.98;3:0.98;4:1.94;5:0.00;6:0.99;7:0.00;8:5.88;9:0.00;10:11.76;11:0.00;12:2.94;13:0.00;14:0.97;15:0.00;16:1.94;17:2.91;18:2.91;19:1.94;20:4.81;21:1.96;22:5.88;23:4.85;,19880692,65644560
1789626531.357428354,1.46,0:1.94;1:0.00;2:2.88;3:0.00;4:0.97;5:0.00;6:3.88;7:0.00;8:5.83;9:0.97;10:4.90;11:0.00;12:2.91;13:0.00;14:1.96;15:0.00;16:2.91;17:0.00;18:0.96;19:0.97;20:1.96;21:1.92;22:1.98;23:3.85;,19882600,65644560
1789626532.387588583,2.15,0:3.92;1:0.00;2:0.00;3:1.92;4:0.98;5:0.00;6:1.96;7:0.00;8:3.96;9:0.00;10:8.74;11:0.00;12:1.94;13:0.00;14:1.96;15:0.00;16:0.97;17:2.91;18:0.98;19:0.97;20:3.88;21:2.91;22:3.92;23:4.90;,19878184,65644560
1789626533.416455414,6.53,0:2.91;1:1.98;2:3.92;3:3.85;4:5.88;5:0.97;6:8.65;7:0.97;8:28.16;9:0.96;10:41.75;11:0.00;12:15.38;13:0.96;14:8.65;15:0.00;16:4.85;17:3.88;18:2.91;19:2.91;20:5.88;21:3.92;22:5.77;23:4.85;,20112008,65644560
1789626534.444409865,6.79,0:1.98;1:0.00;2:5.88;3:1.96;4:4.90;5:0.00;6:5.88;7:0.98;8:39.22;9:1.94;10:29.13;11:1.94;12:14.71;13:0.00;14:20.00;15:0.96;16:4.85;17:1.96;18:2.91;19:2.91;20:5.71;21:3.92;22:4.95;23:4.85;,20136528,65644560
1789626535.472463786,7.07,0:2.91;1:0.00;2:5.83;3:5.83;4:4.85;5:0.00;6:4.90;7:1.92;8:33.01;9:4.85;10:38.00;11:1.94;12:13.73;13:0.00;14:16.35;15:0.00;16:7.77;17:2.91;18:3.88;19:2.94;20:2.94;21:4.81;22:6.86;23:3.92;,20170864,65644560
1789626536.500367354,2.48,0:0.99;1:0.00;2:1.94;3:0.97;4:1.96;5:0.00;6:1.94;7:0.97;8:11.88;9:0.00;10:7.69;11:0.96;12:2.91;13:0.00;14:4.95;15:0.00;16:1.96;17:1.94;18:1.94;19:1.92;20:4.85;21:0.99;22:4.90;23:2.91;,20138292,65644560
1789626537.528244801,1.55,0:0.97;1:0.00;2:0.98;3:0.00;4:2.88;5:0.00;6:0.99;7:0.00;8:3.88;9:0.00;10:5.00;11:0.00;12:3.88;13:0.00;14:1.94;15:0.00;16:1.94;17:1.96;18:0.99;19:3.88;20:2.91;21:1.94;22:2.94;23:2.91;,20124256,65644560
1789626538.554606767,1.87,0:0.00;1:0.00;2:2.94;3:0.97;4:0.00;5:0.00;6:3.85;7:0.98;8:1.98;9:0.97;10:4.85;11:0.00;12:3.96;13:0.00;14:3.92;15:0.00;16:2.91;17:2.94;18:2.91;19:1.96;20:0.98;21:1.92;22:0.99;23:2.97;,20115176,65644560
1789626539.583710422,1.70,0:0.00;1:0.00;2:3.81;3:1.94;4:0.98;5:0.00;6:1.96;7:0.00;8:2.94;9:0.00;10:7.77;11:0.00;12:0.97;13:0.00;14:2.88;15:0.00;16:2.94;17:2.88;18:0.00;19:0.98;20:2.91;21:0.98;22:1.98;23:4.81;,20090376,65644560
1789626540.612752750,2.07,0:1.94;1:0.00;2:1.96;3:0.00;4:2.88;5:0.00;6:0.98;7:0.00;8:3.88;9:0.97;10:13.59;11:0.00;12:2.91;13:0.00;14:4.90;15:0.00;16:2.88;17:1.94;18:2.88;19:3.85;20:0.98;21:4.81;22:1.96;23:0.98;,20070152,65644560
1789626541.641242376,1.42,0:0.00;1:0.00;2:0.97;3:0.00;4:2.94;5:0.00;6:3.85;7:0.00;8:6.80;9:0.96;10:3.92;11:0.00;12:1.96;13:0.00;14:1.94;15:0.00;16:2.88;17:1.96;18:0.00;19:0.00;20:0.97;21:0.97;22:1.94;23:1.92;,20057148,65644560
1789626542.670727405,2.23,0:2.94;1:0.96;2:1.96;3:1.96;4:3.88;5:0.00;6:3.92;7:0.00;8:8.74;9:2.94;10:6.80;11:0.00;12:2.91;13:0.00;14:1.94;15:0.96;16:1.96;17:1.94;18:0.97;19:1.96;20:1.92;21:0.00;22:1.98;23:1.94;,20049208,65644560
1789626543.699616983,1.82,0:1.96;1:0.00;2:1.94;3:0.00;4:0.97;5:0.96;6:1.96;7:0.96;8:5.88;9:2.91;10:3.96;11:0.00;12:2.91;13:0.00;14:2.94;15:0.00;16:1.94;17:1.94;18:0.99;19:0.98;20:0.98;21:1.92;22:3.92;23:2.91;,20039516,65644560
1789626544.727455986,1.54,0:0.00;1:0.00;2:0.98;3:0.00;4:1.94;5:0.00;6:1.96;7:0.00;8:4.90;9:1.92;10:4.85;11:0.00;12:2.94;13:0.00;14:2.94;15:0.00;16:1.96;17:2.91;18:0.97;19:0.96;20:1.94;21:0.98;22:2.97;23:1.94;,20022200,65644560
1789626545.757007997,1.50,0:2.94;1:0.00;2:3.88;3:0.00;4:0.00;5:0.00;6:1.92;7:0.00;8:5.83;9:0.00;10:4.85;11:0.00;12:2.88;13:0.00;14:2.91;15:0.00;16:0.97;17:1.94;18:1.94;19:0.98;20:2.88;21:0.97;22:1.94;23:0.98;,20021392,65644560
1789626546.783076897,1.91,0:0.97;1:0.96;2:1.96;3:0.00;4:5.83;5:0.00;6:2.91;7:0.00;8:3.88;9:0.97;10:7.77;11:0.00;12:1.98;13:0.00;14:0.98;15:0.00;16:1.94;17:2.88;18:1.96;19:3.85;20:1.96;21:3.88;22:3.92;23:1.96;,20015308,65644560
1789626547.811228186,1.83,0:0.00;1:0.00;2:1.94;3:0.97;4:2.97;5:0.00;6:1.94;7:0.00;8:4.90;9:0.00;10:1.96;11:0.00;12:2.88;13:0.00;14:1.96;15:0.00;16:3.92;17:1.96;18:0.00;19:0.00;20:4.85;21:0.98;22:2.97;23:2.88;,20008008,65644560
1789626548.838559794,1.26,0:0.00;1:0.00;2:0.00;3:0.97;4:1.94;5:0.00;6:2.94;7:0.00;8:4.81;9:0.00;10:5.88;11:0.00;12:1.98;13:0.00;14:2.91;15:0.00;16:0.97;17:1.94;18:1.94;19:1.92;20:0.00;21:0.00;22:2.91;23:0.98;,20004092,65644560
1789626549.866434595,1.87,0:1.94;1:0.00;2:0.97;3:0.98;4:3.88;5:0.00;6:2.91;7:0.00;8:3.96;9:0.00;10:5.83;11:0.96;12:2.88;13:0.00;14:2.91;15:0.00;16:0.99;17:0.97;18:0.98;19:0.98;20:3.85;21:1.92;22:4.95;23:2.91;,20003148,65644560
1789626550.895695252,1.70,0:0.00;1:0.00;2:2.91;3:1.92;4:0.98;5:0.00;6:1.96;7:0.00;8:6.80;9:0.00;10:2.97;11:0.00;12:0.97;13:0.00;14:2.91;15:0.00;16:3.85;17:0.98;18:0.97;19:1.92;20:2.94;21:1.96;22:2.00;23:3.85;,19992808,65644560
1789626551.924395083,1.58,0:0.98;1:0.00;2:1.96;3:0.00;4:1.96;5:0.00;6:0.98;7:0.00;8:3.96;9:0.00;10:6.80;11:0.00;12:1.94;13:0.00;14:2.91;15:0.00;16:2.88;17:0.97;18:1.94;19:0.98;20:2.91;21:1.94;22:2.91;23:2.88;,19992252,65644560
1789626552.952624407,2.19,0:2.91;1:0.00;2:0.97;3:1.94;4:0.98;5:0.97;6:1.92;7:0.00;8:11.54;9:0.97;10:3.92;11:1.94;12:2.97;13:0.00;14:2.94;15:0.00;16:1.96;17:0.98;18:0.97;19:1.92;20:2.91;21:3.88;22:2.97;23:1.98;,19985576,65644560
1789626553.981533048,1.58,0:1.96;1:0.00;2:0.98;3:0.00;4:2.88;5:0.00;6:1.96;7:0.00;8:4.90;9:0.97;10:4.95;11:1.94;12:2.91;13:0.00;14:0.97;15:0.00;16:1.94;17:1.92;18:0.97;19:0.00;20:0.97;21:4.85;22:1.96;23:1.92;,19989012,65644560
1789626555.010821172,1.42,0:0.98;1:0.00;2:2.94;3:0.00;4:1.96;5:0.00;6:2.91;7:0.00;8:3.88;9:0.00;10:5.83;11:0.00;12:3.88;13:0.00;14:1.94;15:0.00;16:0.97;17:0.00;18:0.97;19:1.94;20:1.94;21:0.97;22:0.98;23:0.98;,19989392,65644560
1789626556.040012280,1.54,0:1.92;1:0.00;2:2.88;3:0.00;4:2.94;5:0.00;6:1.96;7:0.00;8:3.92;9:0.00;10:4.95;11:0.00;12:0.98;13:0.00;14:2.91;15:0.00;16:1.94;17:0.97;18:0.98;19:0.97;20:3.85;21:0.97;22:1.98;23:2.88;,19982436,65644560
1789626557.068585440,1.87,0:1.94;1:0.00;2:0.97;3:0.97;4:2.88;5:0.00;6:3.88;7:0.00;8:2.97;9:0.00;10:5.77;11:2.91;12:2.94;13:0.00;14:0.00;15:0.00;16:3.88;17:1.94;18:0.98;19:2.91;20:2.91;21:1.94;22:3.88;23:3.88;,19976932,65644560
1789626558.096290610,1.71,0:0.00;1:0.00;2:1.96;3:0.00;4:1.98;5:0.00;6:1.96;7:0.00;8:1.96;9:0.00;10:8.91;11:0.98;12:3.88;13:0.00;14:0.99;15:0.00;16:0.98;17:1.96;18:1.94;19:1.94;20:0.00;21:0.97;22:5.88;23:0.98;,19974528,65644560
1789626559.124903249,2.44,0:0.98;1:0.00;2:2.94;3:0.00;4:3.88;5:0.00;6:2.91;7:0.00;8:5.88;9:0.00;10:5.94;11:0.00;12:4.85;13:0.00;14:3.85;15:0.00;16:5.77;17:5.83;18:1.94;19:2.94;20:2.88;21:1.94;22:2.97;23:2.91;,19973196,65644560
1789626560.153392883,2.03,0:2.94;1:0.00;2:2.94;3:0.00;4:2.97;5:0.00;6:1.98;7:0.00;8:3.92;9:0.98;10:4.85;11:1.92;12:2.88;13:0.00;14:1.96;15:0.00;16:1.98;17:2.94;18:2.91;19:3.81;20:0.00;21:0.98;22:3.88;23:2.91;,19975824,65644560
1789626561.181133159,1.95,0:0.98;1:0.00;2:2.91;3:0.00;4:1.94;5:0.00;6:2.88;7:0.00;8:5.83;9:0.97;10:7.84;11:0.00;12:3.00;13:0.96;14:0.98;15:0.00;16:2.91;17:1.96;18:2.94;19:0.00;20:2.91;21:0.97;22:3.96;23:3.85;,19970720,65644560
1789626562.207757338,2.40,0:3.92;1:0.00;2:3.92;3:0.00;4:2.91;5:0.00;6:2.94;7:0.00;8:7.92;9:0.00;10:7.84;11:0.00;12:6.80;13:0.00;14:3.92;15:0.00;16:3.85;17:1.94;18:1.96;19:1.92;20:2.91;21:2.94;22:0.99;23:0.98;,19969680,65644560
1789626563.237116659,4.30,0:0.99;1:0.00;2:2.91;3:1.94;4:6.73;5:2.91;6:3.96;7:0.00;8:20.19;9:2.91;10:13.59;11:0.00;12:10.68;13:0.00;14:4.90;15:0.00;16:4.90;17:2.88;18:3.88;19:1.94;20:2.88;21:5.71;22:2.97;23:5.77;,19887432,65644560
1789626564.265687053,1.62,0:0.97;1:0.00;2:0.00;3:0.00;4:2.94;5:0.00;6:1.94;7:0.00;8:2.91;9:0.00;10:7.84;11:0.97;12:3.92;13:0.00;14:2.94;15:0.00;16:2.91;17:0.00;18:1.94;19:2.91;20:0.98;21:1.96;22:1.96;23:0.98;,19887856,65644560
1789626565.294463632,1.50,0:1.94;1:0.00;2:1.92;3:0.00;4:2.94;5:1.92;6:5.77;7:0.00;8:3.92;9:0.00;10:3.92;11:0.00;12:3.88;13:0.00;14:0.97;15:0.00;16:0.97;17:0.97;18:0.97;19:1.94;20:0.97;21:1.96;22:1.96;23:0.97;,19871192,65644560
1789626566.322503846,1.70,0:0.99;1:0.00;2:0.98;3:0.00;4:2.94;5:0.00;6:1.96;7:0.00;8:5.88;9:0.00;10:3.92;11:0.00;12:1.94;13:0.00;14:1.94;15:0.00;16:0.97;17:0.98;18:0.97;19:0.98;20:2.91;21:3.85;22:4.85;23:1.96;,19871356,65644560
1789626567.352599381,2.07,0:2.88;1:0.00;2:4.85;3:0.96;4:3.88;5:0.97;6:3.96;7:0.00;8:4.85;9:0.00;10:7.84;11:0.00;12:1.96;13:0.00;14:1.96;15:0.00;16:1.96;17:1.94;18:1.94;19:1.94;20:1.94;21:0.97;22:1.98;23:4.90;,19861756,65644560
1789626568.381434103,1.82,0:0.97;1:0.00;2:3.88;3:0.00;4:2.94;5:0.00;6:3.85;7:0.00;8:3.96;9:0.00;10:6.80;11:0.00;12:0.97;13:0.00;14:1.94;15:0.00;16:0.97;17:2.86;18:2.91;19:2.91;20:2.91;21:0.98;22:2.94;23:2.91;,19866024,65644560
1789626569.409167404,1.54,0:0.99;1:0.00;2:2.94;3:0.00;4:2.88;5:0.00;6:0.98;7:0.00;8:4.85;9:0.00;10:4.95;11:0.00;12:3.92;13:0.00;14:0.97;15:0.00;16:0.98;17:0.98;18:0.00;19:0.98;20:0.98;21:2.88;22:2.94;23:2.88;,19856272,65644560
1789626570.437149478,1.99,0:1.94;1:0.97;2:0.98;3:0.97;4:0.98;5:0.97;6:1.96;7:1.94;8:2.94;9:0.97;10:6.80;11:0.00;12:4.90;13:0.00;14:1.98;15:0.00;16:1.94;17:1.94;18:1.94;19:4.81;20:1.92;21:0.98;22:2.94;23:2.91;,19857856,65644560
1789626571.465536415,1.87,0:2.91;1:0.00;2:2.91;3:0.00;4:0.97;5:0.00;6:2.91;7:0.00;8:2.91;9:0.00;10:5.88;11:0.00;12:4.90;13:0.00;14:4.81;15:1.94;16:1.92;17:0.97;18:1.92;19:0.00;20:3.88;21:1.94;22:1.98;23:2.91;,19858912,65644560
1789626572.493652672,2.28,0:0.98;1:1.98;2:1.96;3:1.94;4:2.97;5:0.00;6:5.88;7:0.97;8:3.92;9:0.00;10:5.94;11:0.97;12:1.96;13:0.00;14:2.91;15:0.00;16:1.96;17:2.91;18:0.99;19:1.94;20:0.98;21:3.88;22:3.88;23:4.85;,19854168,65644560
1789626573.521393424,1.75,0:0.99;1:2.88;2:0.00;3:0.97;4:1.96;5:0.00;6:4.81;7:0.00;8:3.96;9:0.98;10:6.73;11:0.00;12:1.96;13:0.00;14:3.88;15:0.00;16:0.97;17:0.98;18:1.92;19:0.97;20:2.91;21:0.97;22:2.00;23:1.94;,19855148,65644560
1789626574.549311503,1.66,0:0.00;1:0.00;2:0.98;3:0.00;4:3.85;5:0.00;6:4.95;7:0.00;8:3.85;9:1.94;10:3.96;11:0.00;12:3.85;13:0.00;14:1.96;15:0.00;16:1.96;17:0.98;18:1.94;19:0.00;20:1.94;21:0.98;22:1.94;23:3.88;,19865332,65644560
1789626575.579031513,1.70,0:1.90;1:0.00;2:1.92;3:0.00;4:1.96;5:0.96;6:3.85;7:0.00;8:2.97;9:0.00;10:3.92;11:0.00;12:0.99;13:0.00;14:0.98;15:0.96;16:1.94;17:3.85;18:0.00;19:1.94;20:2.91;21:3.85;22:2.94;23:4.90;,19868488,65644560
1789626576.609236941,1.98,0:0.00;1:0.00;2:1.96;3:0.00;4:2.94;5:0.00;6:0.00;7:0.00;8:12.62;9:0.00;10:5.83;11:0.00;12:4.85;13:0.00;14:1.94;15:0.00;16:0.97;17:1.94;18:1.92;19:0.97;20:0.98;21:1.94;22:3.92;23:2.88;,19861496,65644560
1789626577.638852300,2.07,0:2.91;1:0.00;2:0.97;3:0.00;4:1.94;5:0.00;6:1.96;7:0.00;8:6.80;9:0.00;10:4.95;11:1.96;12:1.96;13:0.00;14:0.00;15:0.00;16:2.91;17:2.88;18:2.88;19:0.98;20:4.81;21:3.88;22:2.97;23:3.88;,19852492,65644560
1789626578.669284494,1.78,0:0.97;1:0.00;2:1.96;3:0.00;4:2.91;5:0.00;6:0.97;7:0.00;8:5.88;9:0.00;10:6.80;11:0.00;12:0.98;13:0.00;14:2.91;15:0.00;16:2.91;17:1.92;18:0.00;19:0.97;20:2.91;21:2.91;22:3.92;23:3.88;,19850388,65644560
1789626579.698560499,1.62,0:2.94;1:0.00;2:4.85;3:0.00;4:3.88;5:0.00;6:2.88;7:0.00;8:3.88;9:0.00;10:4.85;11:0.00;12:4.81;13:0.00;14:1.94;15:0.00;16:1.94;17:0.00;18:0.97;19:0.96;20:2.88;21:0.97;22:1.98;23:1.94;,19853840,65644560
1789626580.727797272,1.82,0:1.96;1:0.00;2:4.81;3:0.00;4:2.91;5:0.00;6:1.96;7:0.00;8:3.96;9:0.00;10:5.88;11:1.94;12:2.94;13:0.00;14:2.91;15:0.00;16:0.00;17:0.97;18:2.88;19:1.94;20:1.94;21:0.98;22:1.96;23:1.94;,19856588,65644560
1789626581.758205495,1.70,0:2.91;1:0.00;2:3.92;3:0.00;4:1.96;5:0.00;6:3.92;7:1.92;8:2.97;9:0.00;10:2.91;11:0.00;12:3.88;13:0.00;14:1.94;15:0.00;16:2.88;17:0.97;18:1.94;19:0.00;20:0.00;21:1.92;22:1.96;23:0.98;,19850420,65644560
1789626582.787670379,1.66,0:0.98;1:0.96;2:3.88;3:0.00;4:2.88;5:0.00;6:1.96;7:0.97;8:6.86;9:0.00;10:4.90;11:0.96;12:0.97;13:0.00;14:2.91;15:0.00;16:2.91;17:2.91;18:0.97;19:1.92;20:0.00;21:1.92;22:1.96;23:1.92;,19856936,65644560
1789626583.816593190,1.78,0:0.97;1:0.00;2:2.97;3:0.00;4:1.96;5:0.96;6:3.85;7:0.00;8:4.90;9:0.00;10:3.92;11:0.00;12:2.91;13:0.00;14:2.91;15:0.00;16:2.91;17:2.88;18:1.96;19:1.94;20:2.91;21:0.97;22:2.94;23:1.96;,19849660,65644560
1789626584.846358789,1.58,0:1.94;1:0.00;2:4.85;3:0.96;4:2.91;5:0.00;6:0.98;7:0.97;8:3.85;9:0.00;10:8.74;11:0.00;12:1.96;13:0.00;14:1.94;15:0.00;16:0.98;17:0.98;18:0.97;19:0.97;20:1.94;21:1.94;22:0.99;23:0.97;,19857296,65644560
