stage,timestamp,clock,interface,rx_mb_s,tx_mb_s,rx_packets_s,tx_packets_s,rx_errors_s,tx_errors_s,rx_dropped_s,tx_dropped_s,rx_fifo_s
A,1789626526.2162492,,eno1,0.00012,0.001244,,,,,,,
A,1789626527.220149,,eno1,0.00012,0.0,,,,,,,
A,1789626528.2240517,,eno1,0.00012,0.0,,,,,,,
A,1789626529.2278137,,eno1,0.00012,0.001244,,,,,,,
A,1789626530.2314224,,eno1,0.00012,0.0,,,,,,,
A,1789626531.2350388,,eno1,0.00012,0.0,,,,,,,
A,1789626532.239249,,eno1,0.00012,0.001244,,,,,,,
A,1789626533.242915,,eno1,0.00012,0.0,,,,,,,
A,1789626534.2465217,,eno1,0.00012,0.0,,,,,,,
A,1789626535.2500064,,eno1,0.00012,0.001244,,,,,,,
A,1789626536.2537646,,eno1,0.00012,0.0,,,,,,,
A,1789626537.257886,,eno1,0.00012,0.0,,,,,,,
A,1789626538.2617097,,eno1,0.00012,0.001244,,,,,,,
A,1789626539.265477,,eno1,0.00012,0.0,,,,,,,
A,1789626540.2690217,,eno1,0.00012,0.0,,,,,,,
A,1789626541.2728212,,eno1,0.00012,0.001244,,,,,,,
A,1789626542.277015,,eno1,0.00012,0.0,,,,,,,
A,1789626543.281342,,eno1,0.00012,0.0,,,,,,,
A,1789626544.2857602,,eno1,0.00012,0.001244,,,,,,,
A,1789626545.2898731,,eno1,0.00012,0.0,,,,,,,
A,1789626546.2937386,,eno1,0.00012,0.0,,,,,,,
A,1789626547.2972941,,eno1,0.00012,0.001244,,,,,,,
A,1789626548.3006427,,eno1,0.00012,0.0,,,,,,,
A,1789626549.304344,,eno1,0.00012,0.0,,,,,,,
A,1789626550.308406,,eno1,0.00012,0.001244,,,,,,,
A,1789626551.3121908,,eno1,0.00012,0.0,,,,,,,
A,1789626552.3159592,,eno1,0.00012,0.0,,,,,,,
A,1789626553.319765,,eno1,0.00012,0.001244,,,,,,,
A,1789626554.3235629,,eno1,0.00012,0.0,,,,,,,
A,1789626555.3267395,,eno1,0.00012,0.0,,,,,,,
A,1789626556.3300955,,eno1,0.00012,0.001244,,,,,,,
A,1789626557.3336267,,eno1,0.00012,0.0,,,,,,,
A,1789626558.3377316,,eno1,0.00012,0.0,,,,,,,
A,1789626559.3478484,,eno1,0.00012,0.001244,,,,,,,
A,1789626560.3519049,,eno1,0.00012,0.0,,,,,,,
A,1789626561.3564196,,eno1,0.00012,0.0,,,,,,,
A,1789626562.360585,,eno1,0.00012,0.001244,,,,,,,
A,1789626563.3641937,,eno1,0.00012,0.0,,,,,,,
A,1789626564.3678057,,eno1,0.00012,0.0,,,,,,,
A,1789626565.371515,,eno1,0.00012,0.001244,,,,,,,
A,1789626566.3745885,,eno1,0.00012,0.0,,,,,,,
A,1789626567.3774717,,eno1,0.00012,0.0,,,,,,,
A,1789626568.3808396,,eno1,0.00012,0.001244,,,,,,,
A,1789626569.3843887,,eno1,0.00012,0.0,,,,,,,
A,1789626570.388417,,eno1,0.00012,0.0,,,,,,,
A,1789626571.3918815,,eno1,0.00012,0.001244,,,,,,,
A,1789626572.3952398,,eno1,0.00012,0.0,,,,,,,
A,1789626573.3990614,,eno1,0.00012,0.0,,,,,,,
A,1789626574.4031336,,eno1,0.00012,0.001244,,,,,,,
A,1789626575.4072187,,eno1,0.00012,0.0,,,,,,,
A,1789626576.4115303,,eno1,0.00012,0.0,,,,,,,
A,1789626577.4156556,,eno1,0.00012,0.001244,,,,,,,
A,1789626578.4194484,,eno1,0.00012,0.0,,,,,,,
A,1789626579.4231846,,eno1,0.00012,0.0,,,,,,,
A,1789626580.4270682,,eno1,0.00012,0.001244,,,,,,,
A,1789626581.4307535,,eno1,0.00012,0.0,,,,,,,
A,1789626582.434223,,eno1,0.00012,0.0,,,,,,,
A,1789626583.4381614,,eno1,0.00012,0.001244,,,,,,,
A,1789626584.442465,,eno1,0.00012,0.0,,,,,,,
B,1789628576.0,15:02:56,eno1,5.96455424,0.00065536,4569.0,2.0,0.0,0.0,0.0,0.0,0.0
B,1789628577.0,15:02:57,eno1,5.96740096,6.144e-05,4571.0,1.0,0.0,0.0,0.0,0.0,0.0
B,1789628578.0,15:02:58,eno1,5.96882432,6.144e-05,4572.0,1.0,0.0,0.0,0.0,0.0,0.0
B,1789628579.0,15:02:59,eno1,5.96740096,0.00065536,4571.0,2.0,0.0,0.0,0.0,0.0,0.0
B,1789628580.0,15:03:00,eno1,5.96882432,6.144e-05,4572.0,1.0,0.0,0.0,0.0,0.0,0.0
B,1789628581.0,15:03:01,eno1,5.96882432,6.144e-05,4572.0,1.0,0.0,0.0,0.0,0.0,0.0
B,1789628582.0,15:03:02,eno1,5.96882432,0.00065536,4572.0,2.0,0.0,0.0,0.0,0.0,0.0
B,1789628583.0,15:03:03,eno1,5.9659775999999995,6.144e-05,4570.0,1.0,0.0,0.0,0.0,0.0,0.0
B,1789628584.0,15:03:04,eno1,5.96882432,6.144e-05,4572.0,1.0,0.0,0.0,0.0,0.0,0.0
B,1789628585.0,15:03:05,eno1,5.961707519999999,0.00065536,4567.0,2.0,0.0,0.0,0.0,0.0,0.0
B,1789628586.0,15:03:06,eno1,5.9659775999999995,6.144e-05,4570.0,1.0,0.0,0.0,0.0,0.0,0.0
B,1789628587.0,15:03:07,eno1,5.96740096,6.144e-05,4571.0,1.0,0.0,0.0,0.0,0.0,0.0
B,1789628588.0,15:03:08,eno1,5.96882432,0.00065536,4572.0,2.0,0.0,0.0,0.0,0.0,0.0
B,1789628589.0,15:03:09,eno1,5.96740096,6.144e-05,4571.0,1.0,0.0,0.0,0.0,0.0,0.0
B,1789628590.0,15:03:10,eno1,5.96740096,6.144e-05,4571.0,1.0,0.0,0.0,0.0,0.0,0.0
B,1789628591.0,15:03:11,eno1,5.96882432,0.00065536,4572.0,2.0,0.0,0.0,0.0,0.0,0.0
B,1789628592.0,15:03:12,eno1,5.96882432,6.144e-05,4572.0,1.0,0.0,0.0,0.0,0.0,0.0
B,1789628593.0,15:03:13,eno1,5.96882432,6.144e-05,4572.0,1.0,0.0,0.0,0.0,0.0,0.0
B,1789628594.0,15:03:14,eno1,5.9659775999999995,0.00065536,4570.0,2.0,0.0,0.0,0.0,0.0,0.0
B,1789628595.0,15:03:15,eno1,5.96455424,6.144e-05,4569.0,1.0,0.0,0.0,0.0,0.0,0.0
B,1789628596.0,15:03:16,eno1,5.96455424,6.144e-05,4569.0,1.0,0.0,0.0,0.0,0.0,0.0
B,1789628597.0,15:03:17,eno1,5.96882432,0.00065536,4572.0,2.0,0.0,0.0,0.0,0.0,0.0
B,1789628598.0,15:03:18,eno1,5.96740096,6.144e-05,4571.0,1.0,0.0,0.0,0.0,0.0,0.0
B,1789628599.0,15:03:19,eno1,5.96740096,6.144e-05,4571.0,1.0,0.0,0.0,0.0,0.0,0.0
B,1789628600.0,15:03:20,eno1,5.96740096,0.00065536,4571.0,2.0,0.0,0.0,0.0,0.0,0.0
B,1789628601.0,15:03:21,eno1,5.96740096,6.144e-05,4571.0,1.0,0.0,0.0,0.0,0.0,0.0
B,1789628602.0,15:03:22,eno1,5.96882432,6.144e-05,4572.0,1.0,0.0,0.0,0.0,0.0,0.0
B,1789628603.0,15:03:23,eno1,5.96882432,0.00065536,4572.0,2.0,0.0,0.0,0.0,0.0,0.0
B,1789628604.0,15:03:24,eno1,5.9659775999999995,6.144e-05,4570.0,1.0,0.0,0.0,0.0,0.0,0.0
B,1789628605.0,15:03:25,eno1,5.96313088,6.144e-05,4568.0,1.0,0.0,0.0,0.0,0.0,0.0
B,1789628606.0,15:03:26,eno1,5.9659775999999995,0.00065536,4570.0,2.0,0.0,0.0,0.0,0.0,0.0
B,1789628607.0,15:03:27,eno1,5.96740096,6.144e-05,4571.0,1.0,0.0,0.0,0.0,0.0,0.0
B,1789628608.0,15:03:28,eno1,5.96740096,6.144e-05,4571.0,1.0,0.0,0.0,0.0,0.0,0.0
B,1789628609.0,15:03:29,eno1,5.96740096,0.00065536,4571.0,2.0,0.0,0.0,0.0,0.0,0.0
B,1789628610.0,15:03:30,eno1,5.96882432,6.144e-05,4572.0,1.0,0.0,0.0,0.0,0.0,0.0
B,1789628611.0,15:03:31,eno1,5.96882432,6.144e-05,4572.0,1.0,0.0,0.0,0.0,0.0,0.0
B,1789628612.0,15:03:32,eno1,5.96740096,0.00065536,4571.0,2.0,0.0,0.0,0.0,0.0,0.0
B,1789628613.0,15:03:33,eno1,5.96740096,6.144e-05,4571.0,1.0,0.0,0.0,0.0,0.0,0.0
B,1789628614.0,15:03:34,eno1,5.96740096,6.144e-05,4571.0,1.0,0.0,0.0,0.0,0.0,0.0
B,1789628615.0,15:03:35,eno1,5.96313088,0.00065536,4568.0,2.0,0.0,0.0,0.0,0.0,0.0
B,1789628616.0,15:03:36,eno1,5.9659775999999995,6.144e-05,4570.0,1.0,0.0,0.0,0.0,0.0,0.0
B,1789628617.0,15:03:37,eno1,5.96740096,6.144e-05,4571.0,1.0,0.0,0.0,0.0,0.0,0.0
B,1789628618.0,15:03:38,eno1,5.96740096,0.00065536,4571.0,2.0,0.0,0.0,0.0,0.0,0.0
B,1789628619.0,15:03:39,eno1,5.96740096,6.144e-05,4571.0,1.0,0.0,0.0,0.0,0.0,0.0
B,1789628620.0,15:03:40,eno1,5.96740096,6.144e-05,4571.0,1.0,0.0,0.0,0.0,0.0,0.0
B,1789628621.0,15:03:41,eno1,5.96882432,0.00065536,4572.0,2.0,0.0,0.0,0.0,0.0,0.0
B,1789628622.0,15:03:42,eno1,5.96740096,6.144e-05,4571.0,1.0,0.0,0.0,0.0,0.0,0.0
B,1789628623.0,15:03:43,eno1,5.96740096,6.144e-05,4571.0,1.0,0.0,0.0,0.0,0.0,0.0
B,1789628624.0,15:03:44,eno1,5.96740096,0.00065536,4571.0,2.0,0.0,0.0,0.0,0.0,0.0
B,1789628625.0,15:03:45,eno1,5.9659775999999995,6.144e-05,4570.0,1.0,0.0,0.0,0.0,0.0,0.0
B,1789628626.0,15:03:46,eno1,5.96313088,6.144e-05,4568.0,1.0,0.0,0.0,0.0,0.0,0.0
B,1789628627.0,15:03:47,eno1,5.96740096,0.00065536,4571.0,2.0,0.0,0.0,0.0,0.0,0.0
B,1789628628.0,15:03:48,eno1,5.96740096,6.144e-05,4571.0,1.0,0.0,0.0,0.0,0.0,0.0
B,1789628629.0,15:03:49,eno1,5.96882432,6.144e-05,4572.0,1.0,0.0,0.0,0.0,0.0,0.0
B,1789628630.0,15:03:50,eno1,5.96740096,0.00065536,4571.0,2.0,0.0,0.0,0.0,0.0,0.0
B,1789628631.0,15:03:51,eno1,5.96882432,6.144e-05,4572.0,1.0,0.0,0.0,0.0,0.0,0.0
B,1789628632.0,15:03:52,eno1,5.96740096,6.144e-05,4571.0,1.0,0.0,0.0,0.0,0.0,0.0
B,1789628633.0,15:03:53,eno1,5.90831616,0.00065536,4525.74,1.98,0.0,0.0,0.0,0.0,0.0
B,1789628634.0,15:03:54,eno1,5.96740096,6.144e-05,4571.0,1.0,0.0,0.0,0.0,0.0,0.0
B,1789628635.0,15:03:55,eno1,5.96455424,6.144e-05,4569.0,1.0,0.0,0.0,0.0,0.0,0.0
B,1789628636.0,15:03:56,eno1,5.96313088,0.00065536,4568.0,2.0,0.0,0.0,0.0,0.0,0.0
B,1789628637.0,15:03:57,eno1,5.96740096,6.144e-05,4571.0,1.0,0.0,0.0,0.0,0.0,0.0
B,1789628638.0,15:03:58,eno1,5.96882432,6.144e-05,4572.0,1.0,0.0,0.0,0.0,0.0,0.0
B,1789628639.0,15:03:59,eno1,5.96882432,0.00065536,4572.0,2.0,0.0,0.0,0.0,0.0,0.0
B,1789628640.0,15:04:00,eno1,5.96740096,6.144e-05,4571.0,1.0,0.0,0.0,0.0,0.0,0.0
B,1789628641.0,15:04:01,eno1,5.96740096,6.144e-05,4571.0,1.0,0.0,0.0,0.0,0.0,0.0
B,1789628642.0,15:04:02,eno1,5.96740096,0.00065536,4571.0,2.0,0.0,0.0,0.0,0.0,0.0
B,1789628643.0,15:04:03,eno1,5.96882432,6.144e-05,4572.0,1.0,0.0,0.0,0.0,0.0,0.0
B,1789628644.0,15:04:04,eno1,5.9659775999999995,6.144e-05,4570.0,1.0,0.0,0.0,0.0,0.0,0.0
B,1789628645.0,15:04:05,eno1,5.9659775999999995,0.00065536,4570.0,2.0,0.0,0.0,0.0,0.0,0.0
B,1789628646.0,15:04:06,eno1,5.96313088,6.144e-05,4568.0,1.0,0.0,0.0,0.0,0.0,0.0
B,1789628647.0,15:04:07,eno1,5.96740096,6.144e-05,4571.0,1.0,0.0,0.0,0.0,0.0,0.0
B,1789628648.0,15:04:08,eno1,5.96740096,0.00065536,4571.0,2.0,0.0,0.0,0.0,0.0,0.0
B,1789628649.0,15:04:09,eno1,5.96882432,6.144e-05,4572.0,1.0,0.0,0.0,0.0,0.0,0.0
B,1789628650.0,15:04:10,eno1,5.9659775999999995,6.144e-05,4570.0,1.0,0.0,0.0,0.0,0.0,0.0
B,1789628651.0,15:04:11,eno1,5.96882432,0.00065536,4572.0,2.0,0.0,0.0,0.0,0.0,0.0
B,1789628652.0,15:04:12,eno1,5.96740096,6.144e-05,4571.0,1.0,0.0,0.0,0.0,0.0,0.0
B,1789628653.0,15:04:13,eno1,5.96882432,6.144e-05,4572.0,1.0,0.0,0.0,0.0,0.0,0.0
B,1789628654.0,15:04:14,eno1,5.9659775999999995,0.00065536,4570.0,2.0,0.0,0.0,0.0,0.0,0.0
B,1789628655.0,15:04:15,eno1,5.9659775999999995,6.144e-05,4570.0,1.0,0.0,0.0,0.0,0.0,0.0
B,1789628656.0,15:04:16,eno1,5.96313088,6.144e-05,4568.0,1.0,0.0,0.0,0.0,0.0,0.0
B,1789628657.0,15:04:17,eno1,5.9659775999999995,0.00065536,4570.0,2.0,0.0,0.0,0.0,0.0,0.0
B,1789628658.0,15:04:18,eno1,5.96882432,6.144e-05,4572.0,1.0,0.0,0.0,0.0,0.0,0.0
B,1789628659.0,15:04:19,eno1,5.967513599999999,0.00018432,4573.0,3.0,0.0,0.0,0.0,0.0,0.0
B,1789628660.0,15:04:20,eno1,5.96882432,0.00065536,4572.0,2.0,0.0,0.0,0.0,0.0,0.0
B,1789628661.0,15:04:21,eno1,5.96740096,6.144e-05,4571.0,1.0,0.0,0.0,0.0,0.0,0.0
B,1789628662.0,15:04:22,eno1,5.96740096,6.144e-05,4571.0,1.0,0.0,0.0,0.0,0.0,0.0
B,1789628663.0,15:04:23,eno1,5.96740096,0.00065536,4571.0,2.0,0.0,0.0,0.0,0.0,0.0
B,1789628664.0,15:04:24,eno1,5.96740096,6.144e-05,4571.0,1.0,0.0,0.0,0.0,0.0,0.0
B,1789628665.0,15:04:25,eno1,5.96455424,6.144e-05,4569.0,1.0,0.0,0.0,0.0,0.0,0.0
B,1789628666.0,15:04:26,eno1,5.96313088,0.00065536,4568.0,2.0,0.0,0.0,0.0,0.0,0.0
B,1789628667.0,15:04:27,eno1,5.96740096,6.144e-05,4571.0,1.0,0.0,0.0,0.0,0.0,0.0
B,1789628668.0,15:04:28,eno1,5.96740096,6.144e-05,4571.0,1.0,0.0,0.0,0.0,0.0,0.0
B,1789628669.0,15:04:29,eno1,5.96882432,0.00065536,4572.0,2.0,0.0,0.0,0.0,0.0,0.0
B,1789628670.0,15:04:30,eno1,5.96740096,6.144e-05,4571.0,1.0,0.0,0.0,0.0,0.0,0.0
B,1789628671.0,15:04:31,eno1,5.96882432,6.144e-05,4572.0,1.0,0.0,0.0,0.0,0.0,0.0
B,1789628672.0,15:04:32,eno1,5.96740096,0.00065536,4571.0,2.0,0.0,0.0,0.0,0.0,0.0
B,1789628673.0,15:04:33,eno1,5.9659775999999995,6.144e-05,4570.0,1.0,0.0,0.0,0.0,0.0,0.0
B,1789628674.0,15:04:34,eno1,5.96882432,6.144e-05,4572.0,1.0,0.0,0.0,0.0,0.0,0.0
B,1789628675.0,15:04:35,eno1,5.96313088,0.00065536,4568.0,2.0,0.0,0.0,0.0,0.0,0.0
B,1789628676.0,15:04:36,eno1,5.96455424,6.144e-05,4569.0,1.0,0.0,0.0,0.0,0.0,0.0
B,1789628677.0,15:04:37,eno1,5.96740096,6.144e-05,4571.0,1.0,0.0,0.0,0.0,0.0,0.0
B,1789628678.0,15:04:38,eno1,5.96740096,0.00065536,4571.0,2.0,0.0,0.0,0.0,0.0,0.0
B,1789628679.0,15:04:39,eno1,5.96882432,6.144e-05,4572.0,1.0,0.0,0.0,0.0,0.0,0.0
B,1789628680.0,15:04:40,eno1,5.96740096,6.144e-05,4571.0,1.0,0.0,0.0,0.0,0.0,0.0
B,1789628681.0,15:04:41,eno1,5.96740096,0.00065536,4571.0,2.0,0.0,0.0,0.0,0.0,0.0
B,1789628682.0,15:04:42,eno1,5.96740096,6.144e-05,4571.0,1.0,0.0,0.0,0.0,0.0,0.0
B,1789628683.0,15:04:43,eno1,5.96882432,6.144e-05,4572.0,1.0,0.0,0.0,0.0,0.0,0.0
B,1789628684.0,15:04:44,eno1,5.96740096,0.00065536,4571.0,2.0,0.0,0.0,0.0,0.0,0.0
B,1789628685.0,15:04:45,eno1,5.96313088,6.144e-05,4568.0,1.0,0.0,0.0,0.0,0.0,0.0
B,1789628686.0,15:04:46,eno1,5.9659775999999995,6.144e-05,4570.0,1.0,0.0,0.0,0.0,0.0,0.0
B,1789628687.0,15:04:47,eno1,5.96455424,0.00065536,4569.0,2.0,0.0,0.0,0.0,0.0,0.0
B,1789628688.0,15:04:48,eno1,5.96882432,6.144e-05,4572.0,1.0,0.0,0.0,0.0,0.0,0.0
B,1789628689.0,15:04:49,eno1,5.96882432,6.144e-05,4572.0,1.0,0.0,0.0,0.0,0.0,0.0
B,1789628690.0,15:04:50,eno1,5.96882432,0.00065536,4572.0,2.0,0.0,0.0,0.0,0.0,0.0
B,1789628691.0,15:04:51,eno1,5.96882432,6.144e-05,4572.0,1.0,0.0,0.0,0.0,0.0,0.0
B,1789628692.0,15:04:52,eno1,5.96740096,6.144e-05,4571.0,1.0,0.0,0.0,0.0,0.0,0.0
B,1789628693.0,15:04:53,eno1,5.9659775999999995,0.00065536,4570.0,2.0,0.0,0.0,0.0,0.0,0.0
B,1789628694.0,15:04:54,eno1,5.96740096,6.144e-05,4571.0,1.0,0.0,0.0,0.0,0.0,0.0
B,1789628695.0,15:04:55,eno1,5.96455424,6.144e-05,4569.0,1.0,0.0,0.0,0.0,0.0,0.0
B,1789628696.0,15:04:56,eno1,5.96313088,0.00065536,4568.0,2.0,0.0,0.0,0.0,0.0,0.0
B,1789628697.0,15:04:57,eno1,5.96882432,6.144e-05,4572.0,1.0,0.0,0.0,0.0,0.0,0.0
B,1789628698.0,15:04:58,eno1,5.96740096,6.144e-05,4571.0,1.0,0.0,0.0,0.0,0.0,0.0
B,1789628699.0,15:04:59,eno1,5.96882432,0.00065536,4572.0,2.0,0.0,0.0,0.0,0.0,0.0
B,1789628700.0,15:05:00,eno1,5.96882432,6.144e-05,4572.0,1.0,0.0,0.0,0.0,0.0,0.0
B,1789628701.0,15:05:01,eno1,5.96740096,6.144e-05,4571.0,1.0,0.0,0.0,0.0,0.0,0.0
B,1789628702.0,15:05:02,eno1,5.96740096,0.00065536,4571.0,2.0,0.0,0.0,0.0,0.0,0.0
B,1789628703.0,15:05:03,eno1,5.96882432,6.144e-05,4572.0,1.0,0.0,0.0,0.0,0.0,0.0
B,1789628704.0,15:05:04,eno1,5.96740096,6.144e-05,4571.0,1.0,0.0,0.0,0.0,0.0,0.0
B,1789628705.0,15:05:05,eno1,5.9659775999999995,0.00065536,4570.0,2.0,0.0,0.0,0.0,0.0,0.0
B,1789628706.0,15:05:06,eno1,5.9602841600000005,6.144e-05,4566.0,1.0,0.0,0.0,0.0,0.0,0.0
B,1789628707.0,15:05:07,eno1,5.96882432,6.144e-05,4572.0,1.0,0.0,0.0,0.0,0.0,0.0
B,1789628708.0,15:05:08,eno1,5.96740096,0.00065536,4571.0,2.0,0.0,0.0,0.0,0.0,0.0
B,1789628709.0,15:05:09,eno1,5.96882432,6.144e-05,4572.0,1.0,0.0,0.0,0.0,0.0,0.0
B,1789628710.0,15:05:10,eno1,5.96740096,6.144e-05,4571.0,1.0,0.0,0.0,0.0,0.0,0.0
B,1789628711.0,15:05:11,eno1,5.96740096,0.00065536,4571.0,2.0,0.0,0.0,0.0,0.0,0.0
B,1789628712.0,15:05:12,eno1,5.96740096,6.144e-05,4571.0,1.0,0.0,0.0,0.0,0.0,0.0
B,1789628713.0,15:05:13,eno1,5.96882432,6.144e-05,4572.0,1.0,0.0,0.0,0.0,0.0,0.0
B,1789628714.0,15:05:14,eno1,5.9659775999999995,0.00065536,4570.0,2.0,0.0,0.0,0.0,0.0,0.0
B,1789628715.0,15:05:15,eno1,5.97033984,6.144e-05,4574.0,1.0,0.0,0.0,0.0,0.0,0.0
B,1789628716.0,15:05:16,eno1,5.96018176,6.144e-05,4565.0,1.0,0.0,0.0,0.0,0.0,0.0
B,1789628717.0,15:05:17,eno1,5.96882432,0.00065536,4572.0,2.0,0.0,0.0,0.0,0.0,0.0
B,1789628718.0,15:05:18,eno1,5.96740096,6.144e-05,4571.0,1.0,0.0,0.0,0.0,0.0,0.0
B,1789628719.0,15:05:19,eno1,5.96740096,6.144e-05,4571.0,1.0,0.0,0.0,0.0,0.0,0.0
B,1789628720.0,15:05:20,eno1,5.96882432,0.00065536,4572.0,2.0,0.0,0.0,0.0,0.0,0.0
B,1789628721.0,15:05:21,eno1,5.96882432,6.144e-05,4572.0,1.0,0.0,0.0,0.0,0.0,0.0
B,1789628722.0,15:05:22,eno1,5.96740096,6.144e-05,4571.0,1.0,0.0,0.0,0.0,0.0,0.0
B,1789628723.0,15:05:23,eno1,5.96740096,0.00065536,4571.0,2.0,0.0,0.0,0.0,0.0,0.0
B,1789628724.0,15:05:24,eno1,5.96740096,6.144e-05,4571.0,1.0,0.0,0.0,0.0,0.0,0.0
B,1789628725.0,15:05:25,eno1,5.96740096,6.144e-05,4571.0,1.0,0.0,0.0,0.0,0.0,0.0
B,1789628726.0,15:05:26,eno1,5.961707519999999,0.00065536,4567.0,2.0,0.0,0.0,0.0,0.0,0.0
B,1789628727.0,15:05:27,eno1,5.96740096,6.144e-05,4571.0,1.0,0.0,0.0,0.0,0.0,0.0
B,1789628728.0,15:05:28,eno1,5.96740096,6.144e-05,4571.0,1.0,0.0,0.0,0.0,0.0,0.0
B,1789628729.0,15:05:29,eno1,5.96740096,0.00065536,4571.0,2.0,0.0,0.0,0.0,0.0,0.0
B,1789628730.0,15:05:30,eno1,5.97023744,6.144e-05,4573.0,1.0,0.0,0.0,0.0,0.0,0.0
B,1789628731.0,15:05:31,eno1,5.9659775999999995,6.144e-05,4570.0,1.0,0.0,0.0,0.0,0.0,0.0
B,1789628732.0,15:05:32,eno1,5.96882432,0.00065536,4572.0,2.0,0.0,0.0,0.0,0.0,0.0
B,1789628733.0,15:05:33,eno1,5.96740096,6.144e-05,4571.0,1.0,0.0,0.0,0.0,0.0,0.0
B,1789628734.0,15:05:34,eno1,5.96740096,6.144e-05,4571.0,1.0,0.0,0.0,0.0,0.0,0.0
B,1789628735.0,15:05:35,eno1,5.96750336,0.00065536,4572.0,2.0,0.0,0.0,0.0,0.0,0.0
B,1789628736.0,15:05:36,eno1,5.96160512,6.144e-05,4566.0,1.0,0.0,0.0,0.0,0.0,0.0
B,1789628737.0,15:05:37,eno1,5.9659775999999995,6.144e-05,4570.0,1.0,0.0,0.0,0.0,0.0,0.0
B,1789628738.0,15:05:38,eno1,5.96740096,0.00065536,4571.0,2.0,0.0,0.0,0.0,0.0,0.0
B,1789628739.0,15:05:39,eno1,5.96882432,6.144e-05,4572.0,1.0,0.0,0.0,0.0,0.0,0.0
B,1789628740.0,15:05:40,eno1,5.96740096,6.144e-05,4571.0,1.0,0.0,0.0,0.0,0.0,0.0
B,1789628741.0,15:05:41,eno1,5.96882432,0.00065536,4572.0,2.0,0.0,0.0,0.0,0.0,0.0
B,1789628742.0,15:05:42,eno1,5.96740096,6.144e-05,4571.0,1.0,0.0,0.0,0.0,0.0,0.0
B,1789628743.0,15:05:43,eno1,5.96740096,6.144e-05,4571.0,1.0,0.0,0.0,0.0,0.0,0.0
B,1789628744.0,15:05:44,eno1,5.9659775999999995,0.00065536,4570.0,2.0,0.0,0.0,0.0,0.0,0.0
B,1789628745.0,15:05:45,eno1,5.96455424,6.144e-05,4569.0,1.0,0.0,0.0,0.0,0.0,0.0
B,1789628746.0,15:05:46,eno1,5.9659775999999995,6.144e-05,4570.0,1.0,0.0,0.0,0.0,0.0,0.0
B,1789628747.0,15:05:47,eno1,5.96740096,0.00065536,4571.0,2.0,0.0,0.0,0.0,0.0,0.0
B,1789628748.0,15:05:48,eno1,5.9659775999999995,6.144e-05,4570.0,1.0,0.0,0.0,0.0,0.0,0.0
B,1789628749.0,15:05:49,eno1,5.96882432,6.144e-05,4572.0,1.0,0.0,0.0,0.0,0.0,0.0
B,1789628750.0,15:05:50,eno1,5.96740096,0.00065536,4571.0,2.0,0.0,0.0,0.0,0.0,0.0
B,1789628751.0,15:05:51,eno1,5.96882432,6.144e-05,4572.0,1.0,0.0,0.0,0.0,0.0,0.0
B,1789628752.0,15:05:52,eno1,5.96882432,6.144e-05,4572.0,1.0,0.0,0.0,0.0,0.0,0.0
B,1789628753.0,15:05:53,eno1,5.9659775999999995,0.00065536,4570.0,2.0,0.0,0.0,0.0,0.0,0.0
B,1789628754.0,15:05:54,eno1,5.96892672,6.144e-05,4573.0,1.0,0.0,0.0,0.0,0.0,0.0
B,1789628755.0,15:05:55,eno1,5.96313088,6.144e-05,4568.0,1.0,0.0,0.0,0.0,0.0,0.0
B,1789628756.0,15:05:56,eno1,5.964656639999999,0.00065536,4570.0,2.0,0.0,0.0,0.0,0.0,0.0
B,1789628757.0,15:05:57,eno1,5.96740096,6.144e-05,4571.0,1.0,0.0,0.0,0.0,0.0,0.0
B,1789628758.0,15:05:58,eno1,5.96729856,6.144e-05,4570.0,1.0,0.0,0.0,0.0,0.0,0.0
B,1789628759.0,15:05:59,eno1,5.96882432,0.00065536,4572.0,2.0,0.0,0.0,0.0,0.0,0.0
B,1789628760.0,15:06:00,eno1,5.9659775999999995,6.144e-05,4570.0,1.0,0.0,0.0,0.0,0.0,0.0
B,1789628761.0,15:06:01,eno1,5.96740096,6.144e-05,4571.0,1.0,0.0,0.0,0.0,0.0,0.0
B,1789628762.0,15:06:02,eno1,5.97033984,0.00065536,4574.0,2.0,0.0,0.0,0.0,0.0,0.0
B,1789628763.0,15:06:03,eno1,5.96729856,6.144e-05,4570.0,1.0,0.0,0.0,0.0,0.0,0.0
B,1789628764.0,15:06:04,eno1,5.96750336,6.144e-05,4572.0,1.0,0.0,0.0,0.0,0.0,0.0
B,1789628765.0,15:06:05,eno1,5.96740096,0.00065536,4571.0,2.0,0.0,0.0,0.0,0.0,0.0
B,1789628766.0,15:06:06,eno1,5.9602841600000005,6.144e-05,4566.0,1.0,0.0,0.0,0.0,0.0,0.0
B,1789628767.0,15:06:07,eno1,5.96740096,6.144e-05,4571.0,1.0,0.0,0.0,0.0,0.0,0.0
B,1789628768.0,15:06:08,eno1,5.96882432,0.00065536,4572.0,2.0,0.0,0.0,0.0,0.0,0.0
B,1789628769.0,15:06:09,eno1,5.96882432,6.144e-05,4572.0,1.0,0.0,0.0,0.0,0.0,0.0
B,1789628770.0,15:06:10,eno1,5.9659775999999995,6.144e-05,4570.0,1.0,0.0,0.0,0.0,0.0,0.0
B,1789628771.0,15:06:11,eno1,5.96740096,0.00065536,4571.0,2.0,0.0,0.0,0.0,0.0,0.0
B,1789628772.0,15:06:12,eno1,5.96882432,6.144e-05,4572.0,1.0,0.0,0.0,0.0,0.0,0.0
B,1789628773.0,15:06:13,eno1,5.96740096,6.144e-05,4571.0,1.0,0.0,0.0,0.0,0.0,0.0
B,1789628774.0,15:06:14,eno1,5.96740096,0.00065536,4571.0,2.0,0.0,0.0,0.0,0.0,0.0
B,1789628775.0,15:06:15,eno1,5.9658752,6.144e-05,4569.0,1.0,0.0,0.0,0.0,0.0,0.0
B,1789628776.0,15:06:16,eno1,5.9602841600000005,6.144e-05,4566.0,1.0,0.0,0.0,0.0,0.0,0.0
B,1789628777.0,15:06:17,eno1,5.97033984,0.00065536,4574.0,2.0,0.0,0.0,0.0,0.0,0.0
B,1789628778.0,15:06:18,eno1,5.9659775999999995,6.144e-05,4570.0,1.0,0.0,0.0,0.0,0.0,0.0
B,1789628779.0,15:06:19,eno1,5.96882432,6.144e-05,4572.0,1.0,0.0,0.0,0.0,0.0,0.0
B,1789628780.0,15:06:20,eno1,5.96740096,0.00065536,4571.0,2.0,0.0,0.0,0.0,0.0,0.0
B,1789628781.0,15:06:21,eno1,5.96882432,6.144e-05,4572.0,1.0,0.0,0.0,0.0,0.0,0.0
B,1789628782.0,15:06:22,eno1,5.96740096,0.00024576,4571.0,2.0,0.0,0.0,0.0,0.0,0.0
B,1789628783.0,15:06:23,eno1,5.96740096,0.00065536,4571.0,2.0,0.0,0.0,0.0,0.0,0.0
B,1789628784.0,15:06:24,eno1,5.96740096,6.144e-05,4571.0,1.0,0.0,0.0,0.0,0.0,0.0
B,1789628785.0,15:06:25,eno1,5.96455424,6.144e-05,4569.0,1.0,0.0,0.0,0.0,0.0,0.0
B,1789628786.0,15:06:26,eno1,5.96313088,0.00065536,4568.0,2.0,0.0,0.0,0.0,0.0,0.0
B,1789628787.0,15:06:27,eno1,5.96872192,6.144e-05,4571.0,1.0,0.0,0.0,0.0,0.0,0.0
B,1789628788.0,15:06:28,eno1,5.96750336,6.144e-05,4572.0,1.0,0.0,0.0,0.0,0.0,0.0
B,1789628789.0,15:06:29,eno1,5.96740096,0.00065536,4571.0,2.0,0.0,0.0,0.0,0.0,0.0
B,1789628790.0,15:06:30,eno1,5.96740096,6.144e-05,4571.0,1.0,0.0,0.0,0.0,0.0,0.0
B,1789628791.0,15:06:31,eno1,5.96740096,6.144e-05,4571.0,1.0,0.0,0.0,0.0,0.0,0.0
B,1789628792.0,15:06:32,eno1,5.96882432,0.00065536,4572.0,2.0,0.0,0.0,0.0,0.0,0.0
B,1789628793.0,15:06:33,eno1,5.96882432,6.144e-05,4572.0,1.0,0.0,0.0,0.0,0.0,0.0
B,1789628794.0,15:06:34,eno1,5.9659775999999995,6.144e-05,4570.0,1.0,0.0,0.0,0.0,0.0,0.0
B,1789628795.0,15:06:35,eno1,5.96740096,0.00065536,4571.0,2.0,0.0,0.0,0.0,0.0,0.0
B,1789628796.0,15:06:36,eno1,5.9602841600000005,6.144e-05,4566.0,1.0,0.0,0.0,0.0,0.0,0.0
B,1789628797.0,15:06:37,eno1,5.96740096,6.144e-05,4571.0,1.0,0.0,0.0,0.0,0.0,0.0
B,1789628798.0,15:06:38,eno1,5.96740096,0.00065536,4571.0,2.0,0.0,0.0,0.0,0.0,0.0
B,1789628799.0,15:06:39,eno1,5.96740096,6.144e-05,4571.0,1.0,0.0,0.0,0.0,0.0,0.0
B,1789628800.0,15:06:40,eno1,5.96882432,6.144e-05,4572.0,1.0,0.0,0.0,0.0,0.0,0.0
B,1789628801.0,15:06:41,eno1,5.96740096,0.00065536,4571.0,2.0,0.0,0.0,0.0,0.0,0.0
B,1789628802.0,15:06:42,eno1,5.96882432,6.144e-05,4572.0,1.0,0.0,0.0,0.0,0.0,0.0
B,1789628803.0,15:06:43,eno1,5.9659775999999995,6.144e-05,4570.0,1.0,0.0,0.0,0.0,0.0,0.0
B,1789628804.0,15:06:44,eno1,5.96740096,0.00065536,4571.0,2.0,0.0,0.0,0.0,0.0,0.0
B,1789628805.0,15:06:45,eno1,5.96740096,6.144e-05,4571.0,1.0,0.0,0.0,0.0,0.0,0.0
B,1789628806.0,15:06:46,eno1,5.96455424,6.144e-05,4569.0,1.0,0.0,0.0,0.0,0.0,0.0
B,1789628807.0,15:06:47,eno1,5.96313088,0.00065536,4568.0,2.0,0.0,0.0,0.0,0.0,0.0
B,1789628808.0,15:06:48,eno1,5.96740096,6.144e-05,4571.0,1.0,0.0,0.0,0.0,0.0,0.0
B,1789628809.0,15:06:49,eno1,5.97023744,6.144e-05,4573.0,1.0,0.0,0.0,0.0,0.0,0.0
B,1789628810.0,15:06:50,eno1,5.96740096,0.00065536,4571.0,2.0,0.0,0.0,0.0,0.0,0.0
B,1789628811.0,15:06:51,eno1,5.96740096,6.144e-05,4571.0,1.0,0.0,0.0,0.0,0.0,0.0
B,1789628812.0,15:06:52,eno1,5.96740096,6.144e-05,4571.0,1.0,0.0,0.0,0.0,0.0,0.0
B,1789628813.0,15:06:53,eno1,5.96882432,0.00065536,4572.0,2.0,0.0,0.0,0.0,0.0,0.0
B,1789628814.0,15:06:54,eno1,5.9659775999999995,6.144e-05,4570.0,1.0,0.0,0.0,0.0,0.0,0.0
B,1789628815.0,15:06:55,eno1,5.9659775999999995,6.144e-05,4570.0,1.0,0.0,0.0,0.0,0.0,0.0
B,1789628816.0,15:06:56,eno1,5.96455424,0.00065536,4569.0,2.0,0.0,0.0,0.0,0.0,0.0
B,1789628817.0,15:06:57,eno1,5.96455424,6.144e-05,4569.0,1.0,0.0,0.0,0.0,0.0,0.0
B,1789628818.0,15:06:58,eno1,5.96882432,6.144e-05,4572.0,1.0,0.0,0.0,0.0,0.0,0.0
B,1789628819.0,15:06:59,eno1,5.96882432,0.00065536,4572.0,2.0,0.0,0.0,0.0,0.0,0.0
B,1789628820.0,15:07:00,eno1,5.96740096,6.144e-05,4571.0,1.0,0.0,0.0,0.0,0.0,0.0
B,1789628821.0,15:07:01,eno1,5.96740096,6.144e-05,4571.0,1.0,0.0,0.0,0.0,0.0,0.0
B,1789628822.0,15:07:02,eno1,5.96740096,0.00065536,4571.0,2.0,0.0,0.0,0.0,0.0,0.0
B,1789628823.0,15:07:03,eno1,5.96882432,6.144e-05,4572.0,1.0,0.0,0.0,0.0,0.0,0.0
B,1789628824.0,15:07:04,eno1,5.96740096,6.144e-05,4571.0,1.0,0.0,0.0,0.0,0.0,0.0
B,1789628825.0,15:07:05,eno1,5.96740096,0.00065536,4571.0,2.0,0.0,0.0,0.0,0.0,0.0
B,1789628826.0,15:07:06,eno1,5.961707519999999,6.144e-05,4567.0,1.0,0.0,0.0,0.0,0.0,0.0
B,1789628827.0,15:07:07,eno1,5.9659775999999995,6.144e-05,4570.0,1.0,0.0,0.0,0.0,0.0,0.0
B,1789628828.0,15:07:08,eno1,5.9659775999999995,0.00065536,4570.0,2.0,0.0,0.0,0.0,0.0,0.0
B,1789628829.0,15:07:09,eno1,5.96882432,6.144e-05,4572.0,1.0,0.0,0.0,0.0,0.0,0.0
B,1789628830.0,15:07:10,eno1,5.96740096,6.144e-05,4571.0,1.0,0.0,0.0,0.0,0.0,0.0
B,1789628831.0,15:07:11,eno1,5.96882432,0.00065536,4572.0,2.0,0.0,0.0,0.0,0.0,0.0
B,1789628832.0,15:07:12,eno1,5.96882432,6.144e-05,4572.0,1.0,0.0,0.0,0.0,0.0,0.0
B,1789628833.0,15:07:13,eno1,5.9659775999999995,6.144e-05,4570.0,1.0,0.0,0.0,0.0,0.0,0.0
B,1789628834.0,15:07:14,eno1,5.96740096,0.00065536,4571.0,2.0,0.0,0.0,0.0,0.0,0.0
B,1789628835.0,15:07:15,eno1,5.96740096,6.144e-05,4571.0,1.0,0.0,0.0,0.0,0.0,0.0
B,1789628836.0,15:07:16,eno1,5.961707519999999,6.144e-05,4567.0,1.0,0.0,0.0,0.0,0.0,0.0
B,1789628837.0,15:07:17,eno1,5.96740096,0.00065536,4571.0,2.0,0.0,0.0,0.0,0.0,0.0
B,1789628838.0,15:07:18,eno1,5.96740096,6.144e-05,4571.0,1.0,0.0,0.0,0.0,0.0,0.0
B,1789628839.0,15:07:19,eno1,5.96740096,6.144e-05,4571.0,1.0,0.0,0.0,0.0,0.0,0.0
B,1789628840.0,15:07:20,eno1,5.9659775999999995,0.00065536,4570.0,2.0,0.0,0.0,0.0,0.0,0.0
B,1789628841.0,15:07:21,eno1,5.97023744,6.144e-05,4573.0,1.0,0.0,0.0,0.0,0.0,0.0
B,1789628842.0,15:07:22,eno1,5.96740096,6.144e-05,4571.0,1.0,0.0,0.0,0.0,0.0,0.0
B,1789628843.0,15:07:23,eno1,5.96740096,0.00065536,4571.0,2.0,0.0,0.0,0.0,0.0,0.0
B,1789628844.0,15:07:24,eno1,5.96882432,6.144e-05,4572.0,1.0,0.0,0.0,0.0,0.0,0.0
B,1789628845.0,15:07:25,eno1,5.9659775999999995,6.144e-05,4570.0,1.0,0.0,0.0,0.0,0.0,0.0
B,1789628846.0,15:07:26,eno1,5.961707519999999,0.00065536,4567.0,2.0,0.0,0.0,0.0,0.0,0.0
B,1789628847.0,15:07:27,eno1,5.96740096,6.144e-05,4571.0,1.0,0.0,0.0,0.0,0.0,0.0
B,1789628848.0,15:07:28,eno1,5.9659775999999995,6.144e-05,4570.0,1.0,0.0,0.0,0.0,0.0,0.0
B,1789628849.0,15:07:29,eno1,5.96882432,0.00065536,4572.0,2.0,0.0,0.0,0.0,0.0,0.0
B,1789628850.0,15:07:30,eno1,5.96740096,6.144e-05,4571.0,1.0,0.0,0.0,0.0,0.0,0.0
B,1789628851.0,15:07:31,eno1,5.96740096,6.144e-05,4571.0,1.0,0.0,0.0,0.0,0.0,0.0
B,1789628852.0,15:07:32,eno1,5.97023744,0.00065536,4573.0,2.0,0.0,0.0,0.0,0.0,0.0
B,1789628853.0,15:07:33,eno1,5.96455424,6.144e-05,4569.0,1.0,0.0,0.0,0.0,0.0,0.0
B,1789628854.0,15:07:34,eno1,5.96882432,6.144e-05,4572.0,1.0,0.0,0.0,0.0,0.0,0.0
B,1789628855.0,15:07:35,eno1,5.96740096,0.00065536,4571.0,2.0,0.0,0.0,0.0,0.0,0.0
B,1789628856.0,15:07:36,eno1,5.961707519999999,6.144e-05,4567.0,1.0,0.0,0.0,0.0,0.0,0.0
B,1789628857.0,15:07:37,eno1,5.9659775999999995,6.144e-05,4570.0,1.0,0.0,0.0,0.0,0.0,0.0
B,1789628858.0,15:07:38,eno1,5.96740096,0.00065536,4571.0,2.0,0.0,0.0,0.0,0.0,0.0
B,1789628859.0,15:07:39,eno1,5.96740096,6.144e-05,4571.0,1.0,0.0,0.0,0.0,0.0,0.0
B,1789628860.0,15:07:40,eno1,5.96882432,6.144e-05,4572.0,1.0,0.0,0.0,0.0,0.0,0.0
B,1789628861.0,15:07:41,eno1,5.96740096,0.00065536,4571.0,2.0,0.0,0.0,0.0,0.0,0.0
B,1789628862.0,15:07:42,eno1,5.96882432,6.144e-05,4572.0,1.0,0.0,0.0,0.0,0.0,0.0
B,1789628863.0,15:07:43,eno1,5.96882432,6.144e-05,4572.0,1.0,0.0,0.0,0.0,0.0,0.0
B,1789628864.0,15:07:44,eno1,5.96740096,0.00065536,4571.0,2.0,0.0,0.0,0.0,0.0,0.0
B,1789628865.0,15:07:45,eno1,5.96740096,6.144e-05,4571.0,1.0,0.0,0.0,0.0,0.0,0.0
B,1789628866.0,15:07:46,eno1,5.961707519999999,6.144e-05,4567.0,1.0,0.0,0.0,0.0,0.0,0.0
B,1789628867.0,15:07:47,eno1,5.9659775999999995,0.00065536,4570.0,2.0,0.0,0.0,0.0,0.0,0.0
B,1789628868.0,15:07:48,eno1,5.96740096,6.144e-05,4571.0,1.0,0.0,0.0,0.0,0.0,0.0
B,1789628869.0,15:07:49,eno1,5.96882432,6.144e-05,4572.0,1.0,0.0,0.0,0.0,0.0,0.0
B,1789628870.0,15:07:50,eno1,5.96740096,0.00065536,4571.0,2.0,0.0,0.0,0.0,0.0,0.0
B,1789628871.0,15:07:51,eno1,5.96740096,6.144e-05,4571.0,1.0,0.0,0.0,0.0,0.0,0.0
B,1789628872.0,15:07:52,eno1,5.96882432,6.144e-05,4572.0,1.0,0.0,0.0,0.0,0.0,0.0
B,1789628873.0,15:07:53,eno1,5.96882432,0.00065536,4572.0,2.0,0.0,0.0,0.0,0.0,0.0
B,1789628874.0,15:07:54,eno1,5.96740096,6.144e-05,4571.0,1.0,0.0,0.0,0.0,0.0,0.0
B,1789628875.0,15:07:55,eno1,5.96882432,6.144e-05,4572.0,1.0,0.0,0.0,0.0,0.0,0.0
C,1789629086.0,15:11:26,eno1,5.96882432,0.00065536,4572.0,2.0,0.0,0.0,0.0,0.0,0.0
C,1789629087.0,15:11:27,eno1,5.96740096,0.00124928,4571.0,3.0,0.0,0.0,0.0,0.0,0.0
C,1789629088.0,15:11:28,eno1,5.96740096,0.00065536,4571.0,2.0,0.0,0.0,0.0,0.0,0.0
C,1789629089.0,15:11:29,eno1,5.961707519999999,0.00065536,4567.0,2.0,0.0,0.0,0.0,0.0,0.0
C,1789629090.0,15:11:30,eno1,5.9659775999999995,0.00124928,4570.0,3.0,0.0,0.0,0.0,0.0,0.0
C,1789629091.0,15:11:31,eno1,5.96740096,0.00065536,4571.0,2.0,0.0,0.0,0.0,0.0,0.0
C,1789629092.0,15:11:32,eno1,5.96740096,0.00065536,4571.0,2.0,0.0,0.0,0.0,0.0,0.0
C,1789629093.0,15:11:33,eno1,5.96882432,0.00124928,4572.0,3.0,0.0,0.0,0.0,0.0,0.0
C,1789629094.0,15:11:34,eno1,5.96740096,0.00065536,4571.0,2.0,0.0,0.0,0.0,0.0,0.0
C,1789629095.0,15:11:35,eno1,5.96882432,0.00065536,4572.0,2.0,0.0,0.0,0.0,0.0,0.0
C,1789629096.0,15:11:36,eno1,5.96740096,0.00124928,4571.0,3.0,0.0,0.0,0.0,0.0,0.0
C,1789629097.0,15:11:37,eno1,5.9659775999999995,0.00065536,4570.0,2.0,0.0,0.0,0.0,0.0,0.0
C,1789629098.0,15:11:38,eno1,5.96882432,0.00065536,4572.0,2.0,0.0,0.0,0.0,0.0,0.0
C,1789629099.0,15:11:39,eno1,5.96160512,0.00124928,4566.0,3.0,0.0,0.0,0.0,0.0,0.0
C,1789629100.0,15:11:40,eno1,5.96608,0.00065536,4571.0,2.0,0.0,0.0,0.0,0.0,0.0
C,1789629101.0,15:11:41,eno1,5.96740096,0.00065536,4571.0,2.0,0.0,0.0,0.0,0.0,0.0
C,1789629102.0,15:11:42,eno1,5.96882432,0.00124928,4572.0,3.0,0.0,0.0,0.0,0.0,0.0
C,1789629103.0,15:11:43,eno1,5.96740096,0.00065536,4571.0,2.0,0.0,0.0,0.0,0.0,0.0
C,1789629104.0,15:11:44,eno1,5.9659775999999995,0.00065536,4570.0,2.0,0.0,0.0,0.0,0.0,0.0
C,1789629105.0,15:11:45,eno1,5.97023744,0.00124928,4573.0,3.0,0.0,0.0,0.0,0.0,0.0
C,1789629106.0,15:11:46,eno1,5.96719616,0.00065536,4569.0,2.0,0.0,0.0,0.0,0.0,0.0
C,1789629107.0,15:11:47,eno1,5.9661824,0.00065536,4572.0,2.0,0.0,0.0,0.0,0.0,0.0
C,1789629108.0,15:11:48,eno1,5.96872192,0.00124928,4571.0,3.0,0.0,0.0,0.0,0.0,0.0
C,1789629109.0,15:11:49,eno1,5.96038656,0.00065536,4567.0,2.0,0.0,0.0,0.0,0.0,0.0
C,1789629110.0,15:11:50,eno1,5.96882432,0.00065536,4572.0,2.0,0.0,0.0,0.0,0.0,0.0
C,1789629111.0,15:11:51,eno1,5.9658752,0.00124928,4569.0,3.0,0.0,0.0,0.0,0.0,0.0
C,1789629112.0,15:11:52,eno1,5.96740096,0.00065536,4571.0,2.0,0.0,0.0,0.0,0.0,0.0
C,1789629113.0,15:11:53,eno1,5.96740096,0.00065536,4571.0,2.0,0.0,0.0,0.0,0.0,0.0
C,1789629114.0,15:11:54,eno1,5.96892672,0.00124928,4573.0,3.0,0.0,0.0,0.0,0.0,0.0
C,1789629115.0,15:11:55,eno1,5.96740096,0.00065536,4571.0,2.0,0.0,0.0,0.0,0.0,0.0
C,1789629116.0,15:11:56,eno1,5.96872192,0.00065536,4571.0,2.0,0.0,0.0,0.0,0.0,0.0
C,1789629117.0,15:11:57,eno1,5.96740096,0.00124928,4571.0,3.0,0.0,0.0,0.0,0.0,0.0
C,1789629118.0,15:11:58,eno1,5.9659775999999995,0.00065536,4570.0,2.0,0.0,0.0,0.0,0.0,0.0
C,1789629119.0,15:11:59,eno1,5.961707519999999,0.00065536,4567.0,2.0,0.0,0.0,0.0,0.0,0.0
C,1789629120.0,15:12:00,eno1,5.96740096,0.00124928,4571.0,3.0,0.0,0.0,0.0,0.0,0.0
C,1789629121.0,15:12:01,eno1,5.96740096,0.00065536,4571.0,2.0,0.0,0.0,0.0,0.0,0.0
C,1789629122.0,15:12:02,eno1,5.9659775999999995,0.00065536,4570.0,2.0,0.0,0.0,0.0,0.0,0.0
C,1789629123.0,15:12:03,eno1,5.96882432,0.00124928,4572.0,3.0,0.0,0.0,0.0,0.0,0.0
C,1789629124.0,15:12:04,eno1,5.96740096,0.00065536,4571.0,2.0,0.0,0.0,0.0,0.0,0.0
C,1789629125.0,15:12:05,eno1,5.96882432,0.00065536,4572.0,2.0,0.0,0.0,0.0,0.0,0.0
C,1789629126.0,15:12:06,eno1,5.96740096,0.00124928,4571.0,3.0,0.0,0.0,0.0,0.0,0.0
C,1789629127.0,15:12:07,eno1,5.96740096,0.00065536,4571.0,2.0,0.0,0.0,0.0,0.0,0.0
C,1789629128.0,15:12:08,eno1,5.96740096,0.00065536,4571.0,2.0,0.0,0.0,0.0,0.0,0.0
C,1789629129.0,15:12:09,eno1,5.961707519999999,0.00124928,4567.0,3.0,0.0,0.0,0.0,0.0,0.0
C,1789629130.0,15:12:10,eno1,5.9659775999999995,0.00065536,4570.0,2.0,0.0,0.0,0.0,0.0,0.0
C,1789629131.0,15:12:11,eno1,5.96740096,0.00065536,4571.0,2.0,0.0,0.0,0.0,0.0,0.0
C,1789629132.0,15:12:12,eno1,5.96882432,0.00124928,4572.0,3.0,0.0,0.0,0.0,0.0,0.0
C,1789629133.0,15:12:13,eno1,5.96882432,0.00065536,4572.0,2.0,0.0,0.0,0.0,0.0,0.0
C,1789629134.0,15:12:14,eno1,5.9659775999999995,0.00065536,4570.0,2.0,0.0,0.0,0.0,0.0,0.0
C,1789629135.0,15:12:15,eno1,5.96740096,0.00124928,4571.0,3.0,0.0,0.0,0.0,0.0,0.0
C,1789629136.0,15:12:16,eno1,5.96740096,0.00065536,4571.0,2.0,0.0,0.0,0.0,0.0,0.0
C,1789629137.0,15:12:17,eno1,5.96740096,0.00065536,4571.0,2.0,0.0,0.0,0.0,0.0,0.0
C,1789629138.0,15:12:18,eno1,5.96740096,0.00124928,4571.0,3.0,0.0,0.0,0.0,0.0,0.0
C,1789629139.0,15:12:19,eno1,5.96313088,0.00065536,4568.0,2.0,0.0,0.0,0.0,0.0,0.0
C,1789629140.0,15:12:20,eno1,5.9659775999999995,0.00065536,4570.0,2.0,0.0,0.0,0.0,0.0,0.0
C,1789629141.0,15:12:21,eno1,5.9659775999999995,0.00124928,4570.0,3.0,0.0,0.0,0.0,0.0,0.0
C,1789629142.0,15:12:22,eno1,5.96882432,0.00065536,4572.0,2.0,0.0,0.0,0.0,0.0,0.0
C,1789629143.0,15:12:23,eno1,5.96740096,0.00065536,4571.0,2.0,0.0,0.0,0.0,0.0,0.0
C,1789629144.0,15:12:24,eno1,5.96882432,0.00124928,4572.0,3.0,0.0,0.0,0.0,0.0,0.0
C,1789629145.0,15:12:25,eno1,5.96882432,0.00065536,4572.0,2.0,0.0,0.0,0.0,0.0,0.0
C,1789629146.0,15:12:26,eno1,5.96882432,0.00065536,4572.0,2.0,0.0,0.0,0.0,0.0,0.0
C,1789629147.0,15:12:27,eno1,5.96455424,0.00124928,4569.0,3.0,0.0,0.0,0.0,0.0,0.0
C,1789629148.0,15:12:28,eno1,5.96882432,0.00065536,4572.0,2.0,0.0,0.0,0.0,0.0,0.0
C,1789629149.0,15:12:29,eno1,5.961707519999999,0.00065536,4567.0,2.0,0.0,0.0,0.0,0.0,0.0
C,1789629150.0,15:12:30,eno1,5.9659775999999995,0.00124928,4570.0,3.0,0.0,0.0,0.0,0.0,0.0
C,1789629151.0,15:12:31,eno1,5.96740096,0.00065536,4571.0,2.0,0.0,0.0,0.0,0.0,0.0
C,1789629152.0,15:12:32,eno1,5.96740096,0.00065536,4571.0,2.0,0.0,0.0,0.0,0.0,0.0
C,1789629153.0,15:12:33,eno1,5.96882432,0.00124928,4572.0,3.0,0.0,0.0,0.0,0.0,0.0
C,1789629154.0,15:12:34,eno1,5.96750336,0.00065536,4572.0,2.0,0.0,0.0,0.0,0.0,0.0
C,1789629155.0,15:12:35,eno1,5.96729856,0.00065536,4570.0,2.0,0.0,0.0,0.0,0.0,0.0
C,1789629156.0,15:12:36,eno1,5.96882432,0.00124928,4572.0,3.0,0.0,0.0,0.0,0.0,0.0
C,1789629157.0,15:12:37,eno1,5.96740096,0.00065536,4571.0,2.0,0.0,0.0,0.0,0.0,0.0
C,1789629158.0,15:12:38,eno1,5.96882432,0.00065536,4572.0,2.0,0.0,0.0,0.0,0.0,0.0
C,1789629159.0,15:12:39,eno1,5.95887104,0.00124928,4565.0,3.0,0.0,0.0,0.0,0.0,0.0
C,1789629160.0,15:12:40,eno1,5.96740096,0.00065536,4571.0,2.0,0.0,0.0,0.0,0.0,0.0
C,1789629161.0,15:12:41,eno1,5.9659775999999995,0.00065536,4570.0,2.0,0.0,0.0,0.0,0.0,0.0
C,1789629162.0,15:12:42,eno1,5.96882432,0.00124928,4572.0,3.0,0.0,0.0,0.0,0.0,0.0
C,1789629163.0,15:12:43,eno1,5.96740096,0.00065536,4571.0,2.0,0.0,0.0,0.0,0.0,0.0
C,1789629164.0,15:12:44,eno1,5.96740096,0.00065536,4571.0,2.0,0.0,0.0,0.0,0.0,0.0
C,1789629165.0,15:12:45,eno1,5.97023744,0.00124928,4573.0,3.0,0.0,0.0,0.0,0.0,0.0
C,1789629166.0,15:12:46,eno1,5.9659775999999995,0.00065536,4570.0,2.0,0.0,0.0,0.0,0.0,0.0
C,1789629167.0,15:12:47,eno1,5.96740096,0.00065536,4571.0,2.0,0.0,0.0,0.0,0.0,0.0
C,1789629168.0,15:12:48,eno1,5.96882432,0.00124928,4572.0,3.0,0.0,0.0,0.0,0.0,0.0
C,1789629169.0,15:12:49,eno1,5.961707519999999,0.00065536,4567.0,2.0,0.0,0.0,0.0,0.0,0.0
C,1789629170.0,15:12:50,eno1,5.96455424,0.00065536,4569.0,2.0,0.0,0.0,0.0,0.0,0.0
C,1789629171.0,15:12:51,eno1,5.96882432,0.00124928,4572.0,3.0,0.0,0.0,0.0,0.0,0.0
C,1789629172.0,15:12:52,eno1,5.96740096,0.00065536,4571.0,2.0,0.0,0.0,0.0,0.0,0.0
C,1789629173.0,15:12:53,eno1,5.96882432,0.00065536,4572.0,2.0,0.0,0.0,0.0,0.0,0.0
C,1789629174.0,15:12:54,eno1,5.9659775999999995,0.00124928,4570.0,3.0,0.0,0.0,0.0,0.0,0.0
C,1789629175.0,15:12:55,eno1,5.96882432,0.00065536,4572.0,2.0,0.0,0.0,0.0,0.0,0.0
C,1789629176.0,15:12:56,eno1,5.96882432,0.00065536,4572.0,2.0,0.0,0.0,0.0,0.0,0.0
C,1789629177.0,15:12:57,eno1,5.96740096,0.00124928,4571.0,3.0,0.0,0.0,0.0,0.0,0.0
C,1789629178.0,15:12:58,eno1,5.96740096,0.00065536,4571.0,2.0,0.0,0.0,0.0,0.0,0.0
C,1789629179.0,15:12:59,eno1,5.9602841600000005,0.00065536,4566.0,2.0,0.0,0.0,0.0,0.0,0.0
C,1789629180.0,15:13:00,eno1,5.9659775999999995,0.00124928,4570.0,3.0,0.0,0.0,0.0,0.0,0.0
C,1789629181.0,15:13:01,eno1,5.96740096,0.00065536,4571.0,2.0,0.0,0.0,0.0,0.0,0.0
C,1789629182.0,15:13:02,eno1,5.96882432,0.00065536,4572.0,2.0,0.0,0.0,0.0,0.0,0.0
C,1789629183.0,15:13:03,eno1,5.96740096,0.00124928,4571.0,3.0,0.0,0.0,0.0,0.0,0.0
C,1789629184.0,15:13:04,eno1,5.9659775999999995,0.00065536,4570.0,2.0,0.0,0.0,0.0,0.0,0.0
C,1789629185.0,15:13:05,eno1,5.97023744,0.00065536,4573.0,2.0,0.0,0.0,0.0,0.0,0.0
C,1789629186.0,15:13:06,eno1,5.96740096,0.00124928,4571.0,3.0,0.0,0.0,0.0,0.0,0.0
C,1789629187.0,15:13:07,eno1,5.96740096,0.00065536,4571.0,2.0,0.0,0.0,0.0,0.0,0.0
C,1789629188.0,15:13:08,eno1,5.96729856,0.00065536,4570.0,2.0,0.0,0.0,0.0,0.0,0.0
C,1789629189.0,15:13:09,eno1,5.96038656,0.00124928,4567.0,3.0,0.0,0.0,0.0,0.0,0.0
C,1789629190.0,15:13:10,eno1,5.96740096,0.00065536,4571.0,2.0,0.0,0.0,0.0,0.0,0.0
C,1789629191.0,15:13:11,eno1,5.9659775999999995,0.00065536,4570.0,2.0,0.0,0.0,0.0,0.0,0.0
C,1789629192.0,15:13:12,eno1,5.96882432,0.00124928,4572.0,3.0,0.0,0.0,0.0,0.0,0.0
C,1789629193.0,15:13:13,eno1,5.96882432,0.00065536,4572.0,2.0,0.0,0.0,0.0,0.0,0.0
C,1789629194.0,15:13:14,eno1,5.96740096,0.00065536,4571.0,2.0,0.0,0.0,0.0,0.0,0.0
C,1789629195.0,15:13:15,eno1,5.96740096,0.00124928,4571.0,3.0,0.0,0.0,0.0,0.0,0.0
C,1789629196.0,15:13:16,eno1,5.96882432,0.00065536,4572.0,2.0,0.0,0.0,0.0,0.0,0.0
C,1789629197.0,15:13:17,eno1,5.96740096,0.00065536,4571.0,2.0,0.0,0.0,0.0,0.0,0.0
C,1789629198.0,15:13:18,eno1,5.9659775999999995,0.00124928,4570.0,3.0,0.0,0.0,0.0,0.0,0.0
C,1789629199.0,15:13:19,eno1,5.96325376,0.00077824,4570.0,4.0,0.0,0.0,0.0,0.0,0.0
C,1789629200.0,15:13:20,eno1,5.9659775999999995,0.00065536,4570.0,2.0,0.0,0.0,0.0,0.0,0.0
C,1789629201.0,15:13:21,eno1,5.96740096,0.00124928,4571.0,3.0,0.0,0.0,0.0,0.0,0.0
C,1789629202.0,15:13:22,eno1,5.96740096,0.00065536,4571.0,2.0,0.0,0.0,0.0,0.0,0.0
C,1789629203.0,15:13:23,eno1,5.96882432,0.00065536,4572.0,2.0,0.0,0.0,0.0,0.0,0.0
C,1789629204.0,15:13:24,eno1,5.96882432,0.00124928,4572.0,3.0,0.0,0.0,0.0,0.0,0.0
C,1789629205.0,15:13:25,eno1,5.9659775999999995,0.00065536,4570.0,2.0,0.0,0.0,0.0,0.0,0.0
C,1789629206.0,15:13:26,eno1,5.96740096,0.00065536,4571.0,2.0,0.0,0.0,0.0,0.0,0.0
C,1789629207.0,15:13:27,eno1,5.9659775999999995,0.00124928,4570.0,3.0,0.0,0.0,0.0,0.0,0.0
C,1789629208.0,15:13:28,eno1,5.97023744,0.00065536,4573.0,2.0,0.0,0.0,0.0,0.0,0.0
C,1789629209.0,15:13:29,eno1,5.9602841600000005,0.00065536,4566.0,2.0,0.0,0.0,0.0,0.0,0.0
C,1789629210.0,15:13:30,eno1,5.96740096,0.00124928,4571.0,3.0,0.0,0.0,0.0,0.0,0.0
C,1789629211.0,15:13:31,eno1,5.9659775999999995,0.00065536,4570.0,2.0,0.0,0.0,0.0,0.0,0.0
C,1789629212.0,15:13:32,eno1,5.96882432,0.00065536,4572.0,2.0,0.0,0.0,0.0,0.0,0.0
C,1789629213.0,15:13:33,eno1,5.96740096,0.00124928,4571.0,3.0,0.0,0.0,0.0,0.0,0.0
C,1789629214.0,15:13:34,eno1,5.96882432,0.00065536,4572.0,2.0,0.0,0.0,0.0,0.0,0.0
C,1789629215.0,15:13:35,eno1,5.96740096,0.00065536,4571.0,2.0,0.0,0.0,0.0,0.0,0.0
C,1789629216.0,15:13:36,eno1,5.96740096,0.00124928,4571.0,3.0,0.0,0.0,0.0,0.0,0.0
C,1789629217.0,15:13:37,eno1,5.96882432,0.00065536,4572.0,2.0,0.0,0.0,0.0,0.0,0.0
C,1789629218.0,15:13:38,eno1,5.96729856,0.00065536,4570.0,2.0,0.0,0.0,0.0,0.0,0.0
C,1789629219.0,15:13:39,eno1,5.96180992,0.00124928,4568.0,3.0,0.0,0.0,0.0,0.0,0.0
C,1789629220.0,15:13:40,eno1,5.96455424,0.00065536,4569.0,2.0,0.0,0.0,0.0,0.0,0.0
C,1789629221.0,15:13:41,eno1,5.96882432,0.00065536,4572.0,2.0,0.0,0.0,0.0,0.0,0.0
C,1789629222.0,15:13:42,eno1,5.96740096,0.00124928,4571.0,3.0,0.0,0.0,0.0,0.0,0.0
C,1789629223.0,15:13:43,eno1,5.96740096,0.00065536,4571.0,2.0,0.0,0.0,0.0,0.0,0.0
C,1789629224.0,15:13:44,eno1,5.96882432,0.00065536,4572.0,2.0,0.0,0.0,0.0,0.0,0.0
C,1789629225.0,15:13:45,eno1,5.96740096,0.00124928,4571.0,3.0,0.0,0.0,0.0,0.0,0.0
C,1789629226.0,15:13:46,eno1,5.96740096,0.00065536,4571.0,2.0,0.0,0.0,0.0,0.0,0.0
C,1789629227.0,15:13:47,eno1,5.96740096,0.00065536,4571.0,2.0,0.0,0.0,0.0,0.0,0.0
C,1789629228.0,15:13:48,eno1,5.96740096,0.00124928,4571.0,3.0,0.0,0.0,0.0,0.0,0.0
C,1789629229.0,15:13:49,eno1,5.961707519999999,0.00065536,4567.0,2.0,0.0,0.0,0.0,0.0,0.0
C,1789629230.0,15:13:50,eno1,5.9659775999999995,0.00065536,4570.0,2.0,0.0,0.0,0.0,0.0,0.0
C,1789629231.0,15:13:51,eno1,5.96740096,0.00124928,4571.0,3.0,0.0,0.0,0.0,0.0,0.0
C,1789629232.0,15:13:52,eno1,5.96882432,0.00065536,4572.0,2.0,0.0,0.0,0.0,0.0,0.0
C,1789629233.0,15:13:53,eno1,5.96740096,0.00065536,4571.0,2.0,0.0,0.0,0.0,0.0,0.0
C,1789629234.0,15:13:54,eno1,5.96740096,0.00124928,4571.0,3.0,0.0,0.0,0.0,0.0,0.0
C,1789629235.0,15:13:55,eno1,5.97023744,0.00065536,4573.0,2.0,0.0,0.0,0.0,0.0,0.0
C,1789629236.0,15:13:56,eno1,5.9658752,0.00065536,4569.0,2.0,0.0,0.0,0.0,0.0,0.0
C,1789629237.0,15:13:57,eno1,5.96750336,0.00124928,4572.0,3.0,0.0,0.0,0.0,0.0,0.0
C,1789629238.0,15:13:58,eno1,5.96729856,0.00065536,4570.0,2.0,0.0,0.0,0.0,0.0,0.0
C,1789629239.0,15:13:59,eno1,5.96038656,0.00065536,4567.0,2.0,0.0,0.0,0.0,0.0,0.0
C,1789629240.0,15:14:00,eno1,5.96740096,0.00124928,4571.0,3.0,0.0,0.0,0.0,0.0,0.0
C,1789629241.0,15:14:01,eno1,5.9659775999999995,0.00065536,4570.0,2.0,0.0,0.0,0.0,0.0,0.0
C,1789629242.0,15:14:02,eno1,5.97023744,0.00065536,4573.0,2.0,0.0,0.0,0.0,0.0,0.0
C,1789629243.0,15:14:03,eno1,5.9659775999999995,0.00124928,4570.0,3.0,0.0,0.0,0.0,0.0,0.0
C,1789629244.0,15:14:04,eno1,5.96882432,0.00065536,4572.0,2.0,0.0,0.0,0.0,0.0,0.0
C,1789629245.0,15:14:05,eno1,5.96740096,0.00065536,4571.0,2.0,0.0,0.0,0.0,0.0,0.0
C,1789629246.0,15:14:06,eno1,5.96882432,0.00124928,4572.0,3.0,0.0,0.0,0.0,0.0,0.0
C,1789629247.0,15:14:07,eno1,5.9659775999999995,0.00065536,4570.0,2.0,0.0,0.0,0.0,0.0,0.0
C,1789629248.0,15:14:08,eno1,5.96882432,0.00065536,4572.0,2.0,0.0,0.0,0.0,0.0,0.0
C,1789629249.0,15:14:09,eno1,5.95887104,0.00124928,4565.0,3.0,0.0,0.0,0.0,0.0,0.0
C,1789629250.0,15:14:10,eno1,5.96740096,0.00065536,4571.0,2.0,0.0,0.0,0.0,0.0,0.0
C,1789629251.0,15:14:11,eno1,5.96740096,0.00065536,4571.0,2.0,0.0,0.0,0.0,0.0,0.0
C,1789629252.0,15:14:12,eno1,5.97023744,0.00124928,4573.0,3.0,0.0,0.0,0.0,0.0,0.0
C,1789629253.0,15:14:13,eno1,5.96455424,0.00065536,4569.0,2.0,0.0,0.0,0.0,0.0,0.0
C,1789629254.0,15:14:14,eno1,5.96882432,0.00065536,4572.0,2.0,0.0,0.0,0.0,0.0,0.0
C,1789629255.0,15:14:15,eno1,5.96882432,0.00124928,4572.0,3.0,0.0,0.0,0.0,0.0,0.0
C,1789629256.0,15:14:16,eno1,5.96740096,0.00065536,4571.0,2.0,0.0,0.0,0.0,0.0,0.0
C,1789629257.0,15:14:17,eno1,5.96740096,0.00065536,4571.0,2.0,0.0,0.0,0.0,0.0,0.0
C,1789629258.0,15:14:18,eno1,5.96729856,0.00124928,4570.0,3.0,0.0,0.0,0.0,0.0,0.0
C,1789629259.0,15:14:19,eno1,5.96180992,0.00065536,4568.0,2.0,0.0,0.0,0.0,0.0,0.0
C,1789629260.0,15:14:20,eno1,5.9659775999999995,0.00065536,4570.0,2.0,0.0,0.0,0.0,0.0,0.0
C,1789629261.0,15:14:21,eno1,5.96740096,0.00124928,4571.0,3.0,0.0,0.0,0.0,0.0,0.0
C,1789629262.0,15:14:22,eno1,5.96740096,0.00065536,4571.0,2.0,0.0,0.0,0.0,0.0,0.0
C,1789629263.0,15:14:23,eno1,5.96882432,0.00065536,4572.0,2.0,0.0,0.0,0.0,0.0,0.0
C,1789629264.0,15:14:24,eno1,5.96740096,0.00124928,4571.0,3.0,0.0,0.0,0.0,0.0,0.0
C,1789629265.0,15:14:25,eno1,5.96740096,0.00065536,4571.0,2.0,0.0,0.0,0.0,0.0,0.0
C,1789629266.0,15:14:26,eno1,5.96882432,0.00065536,4572.0,2.0,0.0,0.0,0.0,0.0,0.0
C,1789629267.0,15:14:27,eno1,5.96740096,0.00124928,4571.0,3.0,0.0,0.0,0.0,0.0,0.0
C,1789629268.0,15:14:28,eno1,5.9659775999999995,0.00065536,4570.0,2.0,0.0,0.0,0.0,0.0,0.0
C,1789629269.0,15:14:29,eno1,5.96313088,0.00065536,4568.0,2.0,0.0,0.0,0.0,0.0,0.0
C,1789629270.0,15:14:30,eno1,5.9659775999999995,0.00124928,4570.0,3.0,0.0,0.0,0.0,0.0,0.0
C,1789629271.0,15:14:31,eno1,5.96740096,0.00065536,4571.0,2.0,0.0,0.0,0.0,0.0,0.0
C,1789629272.0,15:14:32,eno1,5.96740096,0.00065536,4571.0,2.0,0.0,0.0,0.0,0.0,0.0
C,1789629273.0,15:14:33,eno1,5.96740096,0.00124928,4571.0,3.0,0.0,0.0,0.0,0.0,0.0
C,1789629274.0,15:14:34,eno1,5.96882432,0.00065536,4572.0,2.0,0.0,0.0,0.0,0.0,0.0
C,1789629275.0,15:14:35,eno1,5.96882432,0.00065536,4572.0,2.0,0.0,0.0,0.0,0.0,0.0
C,1789629276.0,15:14:36,eno1,5.96740096,0.00124928,4571.0,3.0,0.0,0.0,0.0,0.0,0.0
C,1789629277.0,15:14:37,eno1,5.9659775999999995,0.00065536,4570.0,2.0,0.0,0.0,0.0,0.0,0.0
C,1789629278.0,15:14:38,eno1,5.96882432,0.00065536,4572.0,2.0,0.0,0.0,0.0,0.0,0.0
C,1789629279.0,15:14:39,eno1,5.961707519999999,0.00124928,4567.0,3.0,0.0,0.0,0.0,0.0,0.0
C,1789629280.0,15:14:40,eno1,5.96455424,0.00065536,4569.0,2.0,0.0,0.0,0.0,0.0,0.0
C,1789629281.0,15:14:41,eno1,5.96882432,0.00065536,4572.0,2.0,0.0,0.0,0.0,0.0,0.0
C,1789629282.0,15:14:42,eno1,5.96740096,0.00124928,4571.0,3.0,0.0,0.0,0.0,0.0,0.0
C,1789629283.0,15:14:43,eno1,5.96740096,0.00065536,4571.0,2.0,0.0,0.0,0.0,0.0,0.0
C,1789629284.0,15:14:44,eno1,5.96740096,0.00065536,4571.0,2.0,0.0,0.0,0.0,0.0,0.0
C,1789629285.0,15:14:45,eno1,5.96882432,0.00124928,4572.0,3.0,0.0,0.0,0.0,0.0,0.0
C,1789629286.0,15:14:46,eno1,5.96882432,0.00065536,4572.0,2.0,0.0,0.0,0.0,0.0,0.0
C,1789629287.0,15:14:47,eno1,5.9659775999999995,0.00065536,4570.0,2.0,0.0,0.0,0.0,0.0,0.0
C,1789629288.0,15:14:48,eno1,5.96729856,0.00124928,4570.0,3.0,0.0,0.0,0.0,0.0,0.0
C,1789629289.0,15:14:49,eno1,5.964656639999999,0.00065536,4570.0,2.0,0.0,0.0,0.0,0.0,0.0
C,1789629290.0,15:14:50,eno1,5.96455424,0.00065536,4569.0,2.0,0.0,0.0,0.0,0.0,0.0
C,1789629291.0,15:14:51,eno1,5.9659775999999995,0.00124928,4570.0,3.0,0.0,0.0,0.0,0.0,0.0
C,1789629292.0,15:14:52,eno1,5.96882432,0.00065536,4572.0,2.0,0.0,0.0,0.0,0.0,0.0
C,1789629293.0,15:14:53,eno1,5.96740096,0.00065536,4571.0,2.0,0.0,0.0,0.0,0.0,0.0
C,1789629294.0,15:14:54,eno1,5.96740096,0.0014336,4571.0,4.0,0.0,0.0,0.0,0.0,0.0
C,1789629295.0,15:14:55,eno1,5.97023744,0.00065536,4573.0,2.0,0.0,0.0,0.0,0.0,0.0
C,1789629296.0,15:14:56,eno1,5.9659775999999995,0.00065536,4570.0,2.0,0.0,0.0,0.0,0.0,0.0
C,1789629297.0,15:14:57,eno1,5.96740096,0.00124928,4571.0,3.0,0.0,0.0,0.0,0.0,0.0
C,1789629298.0,15:14:58,eno1,5.96740096,0.00065536,4571.0,2.0,0.0,0.0,0.0,0.0,0.0
C,1789629299.0,15:14:59,eno1,5.96313088,0.00065536,4568.0,2.0,0.0,0.0,0.0,0.0,0.0
C,1789629300.0,15:15:00,eno1,5.9659775999999995,0.00124928,4570.0,3.0,0.0,0.0,0.0,0.0,0.0
C,1789629301.0,15:15:01,eno1,5.9659775999999995,0.00065536,4570.0,2.0,0.0,0.0,0.0,0.0,0.0
C,1789629302.0,15:15:02,eno1,5.96882432,0.00065536,4572.0,2.0,0.0,0.0,0.0,0.0,0.0
C,1789629303.0,15:15:03,eno1,5.96740096,0.00124928,4571.0,3.0,0.0,0.0,0.0,0.0,0.0
C,1789629304.0,15:15:04,eno1,5.96740096,0.00065536,4571.0,2.0,0.0,0.0,0.0,0.0,0.0
C,1789629305.0,15:15:05,eno1,5.96882432,0.00065536,4572.0,2.0,0.0,0.0,0.0,0.0,0.0
C,1789629306.0,15:15:06,eno1,5.96882432,0.00124928,4572.0,3.0,0.0,0.0,0.0,0.0,0.0
C,1789629307.0,15:15:07,eno1,5.9659775999999995,0.00065536,4570.0,2.0,0.0,0.0,0.0,0.0,0.0
C,1789629308.0,15:15:08,eno1,5.96740096,0.00065536,4571.0,2.0,0.0,0.0,0.0,0.0,0.0
C,1789629309.0,15:15:09,eno1,5.96313088,0.00124928,4568.0,3.0,0.0,0.0,0.0,0.0,0.0
C,1789629310.0,15:15:10,eno1,5.96313088,0.00065536,4568.0,2.0,0.0,0.0,0.0,0.0,0.0
C,1789629311.0,15:15:11,eno1,5.97023744,0.00065536,4573.0,2.0,0.0,0.0,0.0,0.0,0.0
C,1789629312.0,15:15:12,eno1,5.96740096,0.00124928,4571.0,3.0,0.0,0.0,0.0,0.0,0.0
C,1789629313.0,15:15:13,eno1,5.96740096,0.00065536,4571.0,2.0,0.0,0.0,0.0,0.0,0.0
C,1789629314.0,15:15:14,eno1,5.96740096,0.00065536,4571.0,2.0,0.0,0.0,0.0,0.0,0.0
C,1789629315.0,15:15:15,eno1,5.96882432,0.00124928,4572.0,3.0,0.0,0.0,0.0,0.0,0.0
C,1789629316.0,15:15:16,eno1,5.9659775999999995,0.00065536,4570.0,2.0,0.0,0.0,0.0,0.0,0.0
C,1789629317.0,15:15:17,eno1,5.96882432,0.00065536,4572.0,2.0,0.0,0.0,0.0,0.0,0.0
C,1789629318.0,15:15:18,eno1,5.96740096,0.00124928,4571.0,3.0,0.0,0.0,0.0,0.0,0.0
C,1789629319.0,15:15:19,eno1,5.9602841600000005,0.00065536,4566.0,2.0,0.0,0.0,0.0,0.0,0.0
C,1789629320.0,15:15:20,eno1,5.96740096,0.00065536,4571.0,2.0,0.0,0.0,0.0,0.0,0.0
C,1789629321.0,15:15:21,eno1,5.96740096,0.00124928,4571.0,3.0,0.0,0.0,0.0,0.0,0.0
C,1789629322.0,15:15:22,eno1,5.96882432,0.00065536,4572.0,2.0,0.0,0.0,0.0,0.0,0.0
C,1789629323.0,15:15:23,eno1,5.9659775999999995,0.00065536,4570.0,2.0,0.0,0.0,0.0,0.0,0.0
C,1789629324.0,15:15:24,eno1,5.96882432,0.00124928,4572.0,3.0,0.0,0.0,0.0,0.0,0.0
C,1789629325.0,15:15:25,eno1,5.96882432,0.00065536,4572.0,2.0,0.0,0.0,0.0,0.0,0.0
C,1789629326.0,15:15:26,eno1,5.96740096,0.00065536,4571.0,2.0,0.0,0.0,0.0,0.0,0.0
C,1789629327.0,15:15:27,eno1,5.96740096,0.00124928,4571.0,3.0,0.0,0.0,0.0,0.0,0.0
C,1789629328.0,15:15:28,eno1,5.96740096,0.00065536,4571.0,2.0,0.0,0.0,0.0,0.0,0.0
C,1789629329.0,15:15:29,eno1,5.961707519999999,0.00065536,4567.0,2.0,0.0,0.0,0.0,0.0,0.0
C,1789629330.0,15:15:30,eno1,5.96455424,0.00124928,4569.0,3.0,0.0,0.0,0.0,0.0,0.0
C,1789629331.0,15:15:31,eno1,5.96740096,0.00065536,4571.0,2.0,0.0,0.0,0.0,0.0,0.0
C,1789629332.0,15:15:32,eno1,5.96882432,0.00065536,4572.0,2.0,0.0,0.0,0.0,0.0,0.0
C,1789629333.0,15:15:33,eno1,5.96740096,0.00124928,4571.0,3.0,0.0,0.0,0.0,0.0,0.0
C,1789629334.0,15:15:34,eno1,5.96882432,0.00065536,4572.0,2.0,0.0,0.0,0.0,0.0,0.0
C,1789629335.0,15:15:35,eno1,5.96740096,0.00065536,4571.0,2.0,0.0,0.0,0.0,0.0,0.0
C,1789629336.0,15:15:36,eno1,5.96740096,0.00124928,4571.0,3.0,0.0,0.0,0.0,0.0,0.0
C,1789629337.0,15:15:37,eno1,5.96740096,0.00065536,4571.0,2.0,0.0,0.0,0.0,0.0,0.0
C,1789629338.0,15:15:38,eno1,5.9659775999999995,0.00065536,4570.0,2.0,0.0,0.0,0.0,0.0,0.0
C,1789629339.0,15:15:39,eno1,5.96313088,0.00124928,4568.0,3.0,0.0,0.0,0.0,0.0,0.0
C,1789629340.0,15:15:40,eno1,5.96740096,0.00065536,4571.0,2.0,0.0,0.0,0.0,0.0,0.0
C,1789629341.0,15:15:41,eno1,5.9659775999999995,0.00065536,4570.0,2.0,0.0,0.0,0.0,0.0,0.0
C,1789629342.0,15:15:42,eno1,5.96882432,0.00124928,4572.0,3.0,0.0,0.0,0.0,0.0,0.0
C,1789629343.0,15:15:43,eno1,5.96740096,0.00065536,4571.0,2.0,0.0,0.0,0.0,0.0,0.0
C,1789629344.0,15:15:44,eno1,5.96740096,0.00065536,4571.0,2.0,0.0,0.0,0.0,0.0,0.0
C,1789629345.0,15:15:45,eno1,5.97023744,0.00124928,4573.0,3.0,0.0,0.0,0.0,0.0,0.0
C,1789629346.0,15:15:46,eno1,5.96740096,0.00065536,4571.0,2.0,0.0,0.0,0.0,0.0,0.0
C,1789629347.0,15:15:47,eno1,5.9659775999999995,0.00065536,4570.0,2.0,0.0,0.0,0.0,0.0,0.0
C,1789629348.0,15:15:48,eno1,5.97023744,0.00124928,4573.0,3.0,0.0,0.0,0.0,0.0,0.0
C,1789629349.0,15:15:49,eno1,5.9602841600000005,0.00065536,4566.0,2.0,0.0,0.0,0.0,0.0,0.0
C,1789629350.0,15:15:50,eno1,5.9659775999999995,0.00065536,4570.0,2.0,0.0,0.0,0.0,0.0,0.0
C,1789629351.0,15:15:51,eno1,5.9659775999999995,0.00124928,4570.0,3.0,0.0,0.0,0.0,0.0,0.0
C,1789629352.0,15:15:52,eno1,5.96882432,0.00065536,4572.0,2.0,0.0,0.0,0.0,0.0,0.0
C,1789629353.0,15:15:53,eno1,5.96740096,0.00065536,4571.0,2.0,0.0,0.0,0.0,0.0,0.0
C,1789629354.0,15:15:54,eno1,5.96740096,0.00124928,4571.0,3.0,0.0,0.0,0.0,0.0,0.0
C,1789629355.0,15:15:55,eno1,5.96740096,0.00065536,4571.0,2.0,0.0,0.0,0.0,0.0,0.0
C,1789629356.0,15:15:56,eno1,5.96882432,0.00065536,4572.0,2.0,0.0,0.0,0.0,0.0,0.0
C,1789629357.0,15:15:57,eno1,5.9659775999999995,0.00124928,4570.0,3.0,0.0,0.0,0.0,0.0,0.0
C,1789629358.0,15:15:58,eno1,5.96740096,0.00065536,4571.0,2.0,0.0,0.0,0.0,0.0,0.0
C,1789629359.0,15:15:59,eno1,5.96455424,0.00065536,4569.0,2.0,0.0,0.0,0.0,0.0,0.0
C,1789629360.0,15:16:00,eno1,5.9659775999999995,0.00124928,4570.0,3.0,0.0,0.0,0.0,0.0,0.0
C,1789629361.0,15:16:01,eno1,5.9659775999999995,0.00065536,4570.0,2.0,0.0,0.0,0.0,0.0,0.0
C,1789629362.0,15:16:02,eno1,5.96740096,0.00065536,4571.0,2.0,0.0,0.0,0.0,0.0,0.0
C,1789629363.0,15:16:03,eno1,5.96740096,0.00124928,4571.0,3.0,0.0,0.0,0.0,0.0,0.0
C,1789629364.0,15:16:04,eno1,5.96740096,0.00065536,4571.0,2.0,0.0,0.0,0.0,0.0,0.0
C,1789629365.0,15:16:05,eno1,5.9716607999999995,0.00065536,4574.0,2.0,0.0,0.0,0.0,0.0,0.0
C,1789629366.0,15:16:06,eno1,5.9659775999999995,0.00124928,4570.0,3.0,0.0,0.0,0.0,0.0,0.0
C,1789629367.0,15:16:07,eno1,5.9659775999999995,0.00065536,4570.0,2.0,0.0,0.0,0.0,0.0,0.0
C,1789629368.0,15:16:08,eno1,5.96740096,0.00065536,4571.0,2.0,0.0,0.0,0.0,0.0,0.0
C,1789629369.0,15:16:09,eno1,5.96313088,0.00124928,4568.0,3.0,0.0,0.0,0.0,0.0,0.0
C,1789629370.0,15:16:10,eno1,5.96455424,0.00065536,4569.0,2.0,0.0,0.0,0.0,0.0,0.0
C,1789629371.0,15:16:11,eno1,5.96740096,0.00065536,4571.0,2.0,0.0,0.0,0.0,0.0,0.0
C,1789629372.0,15:16:12,eno1,5.96882432,0.00124928,4572.0,3.0,0.0,0.0,0.0,0.0,0.0
C,1789629373.0,15:16:13,eno1,5.96882432,0.00065536,4572.0,2.0,0.0,0.0,0.0,0.0,0.0
C,1789629374.0,15:16:14,eno1,5.96740096,0.00065536,4571.0,2.0,0.0,0.0,0.0,0.0,0.0
C,1789629375.0,15:16:15,eno1,5.96740096,0.00124928,4571.0,3.0,0.0,0.0,0.0,0.0,0.0
C,1789629376.0,15:16:16,eno1,5.96740096,0.00065536,4571.0,2.0,0.0,0.0,0.0,0.0,0.0
C,1789629377.0,15:16:17,eno1,5.96740096,0.00065536,4571.0,2.0,0.0,0.0,0.0,0.0,0.0
C,1789629378.0,15:16:18,eno1,5.96872192,0.00124928,4571.0,3.0,0.0,0.0,0.0,0.0,0.0
C,1789629379.0,15:16:19,eno1,5.96038656,0.00065536,4567.0,2.0,0.0,0.0,0.0,0.0,0.0
C,1789629380.0,15:16:20,eno1,5.96455424,0.00065536,4569.0,2.0,0.0,0.0,0.0,0.0,0.0
C,1789629381.0,15:16:21,eno1,5.96740096,0.00124928,4571.0,3.0,0.0,0.0,0.0,0.0,0.0
C,1789629382.0,15:16:22,eno1,5.96882432,0.00065536,4572.0,2.0,0.0,0.0,0.0,0.0,0.0
C,1789629383.0,15:16:23,eno1,5.96740096,0.00065536,4571.0,2.0,0.0,0.0,0.0,0.0,0.0
C,1789629384.0,15:16:24,eno1,5.96882432,0.00124928,4572.0,3.0,0.0,0.0,0.0,0.0,0.0
C,1789629385.0,15:16:25,eno1,5.96882432,0.00065536,4572.0,2.0,0.0,0.0,0.0,0.0,0.0
