event_timestamp,event_iso,miss_count_delta,system_cpu_mean_pct_pm2s,system_cpu_max_pct_pm2s,driver_cpu_mean_pct_pm2s,driver_cpu_max_pct_pm2s,fusion_cpu_mean_pct_pm2s,fusion_cpu_max_pct_pm2s,relay_cpu_mean_pct_pm2s,ram_used_mean_kb_pm2s,rx_mb_s_mean_pm2s,rx_mb_s_max_pm2s,rx_drop_rate_max_pm2s,next_success_total_ms,callback_total_p95_ms_pm2s,callback_total_max_ms_pm2s
1789629088.157765,2026-09-17T15:11:28.157765+08:00,1,2.0700000000000003,2.299999999999997,5.0,6.0,5.25,6.0,1.25,20061760.0,5.965621759999999,5.96740096,0.0,5.16731,5.227186,5.25727
1789629107.05727,2026-09-17T15:11:47.057270+08:00,10,2.2525000000000013,2.6700000000000017,4.25,5.0,5.25,6.0,1.25,20026629.0,5.96562176,5.96872192,0.0,5.27343,7.117859499999999,7.9027
1789629116.458137,2026-09-17T15:11:56.458137+08:00,2,2.967500000000001,6.180000000000007,4.75,5.0,5.5,6.0,1.0,20221734.0,5.96737536,5.96872192,0.0,5.20209,5.526781499999999,6.76964
1789629127.6581452,2026-09-17T15:12:07.658145+08:00,1,1.8974999999999973,2.2099999999999937,5.0,5.0,6.0,7.0,1.5,20137951.0,5.9659775999999995,5.96740096,0.0,5.15448,7.651973,7.7286
1789629130.8575478,2026-09-17T15:12:10.857548+08:00,1,2.014999999999997,2.2099999999999937,5.0,6.0,5.5,6.0,1.25,20131955.0,5.9659775999999995,5.96882432,0.0,5.17532,5.488031000000001,6.49963
1789629144.857699,2026-09-17T15:12:24.857699+08:00,1,1.9650000000000034,2.260000000000005,4.75,5.0,5.5,6.0,1.0,20023499.0,5.96846848,5.96882432,0.0,5.81055,6.018697499999998,7.63166
1789629147.057673,2026-09-17T15:12:27.057673+08:00,1,1.7575000000000003,2.1299999999999955,4.25,5.0,5.25,6.0,1.0,20023636.0,5.9659776,5.96882432,0.0,5.47059,5.349009,5.66339
1789629156.6570404,2026-09-17T15:12:36.657040+08:00,2,1.7474999999999987,1.8799999999999955,5.25,6.0,5.5,6.0,1.25,20020564.0,5.96808704,5.96882432,0.0,5.2128,5.231364,5.27546
1789629166.7579226,2026-09-17T15:12:46.757923+08:00,1,2.004999999999999,2.1299999999999955,5.0,5.0,5.5,6.0,1.25,20021628.0,5.96811008,5.97023744,0.0,5.08721,5.258052,5.31031
1789629172.5572298,2026-09-17T15:12:52.557230+08:00,1,5.537499999999998,8.659999999999997,5.5,7.0,6.0,6.0,1.0,20148385.0,5.9677568,5.96882432,0.0,6.45245,7.714607,7.79232
1789629176.0572383,2026-09-17T15:12:56.057238+08:00,1,3.257500000000004,6.810000000000002,4.75,5.0,5.25,6.0,1.0,20265505.0,5.96811264,5.96882432,0.0,5.17202,5.3411585,7.73495
1789629184.7573225,2026-09-17T15:13:04.757323+08:00,1,2.3900000000000006,3.4200000000000017,4.5,5.0,5.5,6.0,1.0,20164866.0,5.96775424,5.97023744,0.0,5.22861,5.666722,5.7653
1789629195.8574636,2026-09-17T15:13:15.857464+08:00,1,2.817499999999999,4.719999999999999,5.0,6.0,5.75,6.0,1.0,20473282.0,5.9677568,5.96882432,0.0,5.2148,5.793885,6.11516
1789629216.6569567,2026-09-17T15:13:36.656957+08:00,2,2.8000000000000043,4.180000000000007,5.25,6.0,5.25,6.0,1.75,20030418.0,5.9677312,5.96882432,0.0,5.17417,5.2355635,5.25931
1789629226.7576253,2026-09-17T15:13:46.757625+08:00,1,1.8200000000000003,2.049999999999997,5.0,5.0,5.25,6.0,1.0,20033444.0,5.96740096,5.96740096,0.0,5.27808,5.261945,5.27808
1789629276.757381,2026-09-17T15:14:36.757381+08:00,10,2.1600000000000037,2.260000000000005,5.0,5.0,5.25,6.0,1.25,20061344.0,5.9677568,5.96882432,0.0,5.17488,5.479136,5.48772
1789629277.9575634,2026-09-17T15:14:37.957563+08:00,1,2.150000000000002,2.260000000000005,5.0,5.0,5.25,6.0,1.25,20060924.0,5.9659775999999995,5.96882432,0.0,5.1978,5.434248,5.74037
1789629286.4577093,2026-09-17T15:14:46.457709+08:00,1,2.1724999999999994,2.6400000000000006,5.0,6.0,5.25,6.0,1.5,20078026.0,5.9677312,5.96882432,0.0,5.15627,5.2955760000000005,5.31004
1789629287.3575373,2026-09-17T15:14:47.357537+08:00,1,2.0024999999999977,2.1299999999999955,4.75,6.0,5.25,6.0,1.25,20074356.0,5.96668928,5.96882432,0.0,5.12535,5.252545,5.98964
1789629288.557582,2026-09-17T15:14:48.557582+08:00,1,1.9599999999999973,2.0,4.75,6.0,5.25,6.0,1.25,20069989.0,5.965621759999999,5.96729856,0.0,5.18307,5.27515,5.98964
1789629306.5579004,2026-09-17T15:15:06.557900+08:00,1,2.0775000000000006,2.25,5.0,6.0,5.5,6.0,1.0,20173603.0,5.9677568,5.96882432,0.0,5.14783,5.288304,5.29325
1789629317.7571363,2026-09-17T15:15:17.757136+08:00,2,2.0799999999999983,2.1299999999999955,4.25,5.0,5.25,6.0,1.25,20192913.0,5.96562176,5.96882432,0.0,5.21409,5.3256175,5.58618
1789629319.5579324,2026-09-17T15:15:19.557932+08:00,1,2.1199999999999974,2.1299999999999955,5.0,6.0,5.25,6.0,1.25,20190510.0,5.96562176,5.96740096,0.0,5.15074,5.255178,5.27323
1789629322.757237,2026-09-17T15:15:22.757237+08:00,1,2.2849999999999966,2.549999999999997,5.25,6.0,5.25,6.0,1.0,20144918.0,5.9677568,5.96882432,0.0,5.23314,5.2300885,5.23999
1789629326.2572198,2026-09-17T15:15:26.257220+08:00,1,2.077499999999997,2.1299999999999955,4.75,6.0,5.5,6.0,1.0,20084581.0,5.9677568,5.96882432,0.0,5.16836,5.3546505,6.22585
