stage,timestamp,clock,process,pid,cpu_pct,rss_kb,vsz_kb
B,1789628576.0,15:02:56,driver,1160570,5.0,57512.0,1396672.0
B,1789628577.0,15:02:57,driver,1160570,5.0,57512.0,1396672.0
B,1789628578.0,15:02:58,driver,1160570,4.0,57512.0,1396672.0
B,1789628579.0,15:02:59,driver,1160570,5.0,57568.0,1396672.0
B,1789628580.0,15:03:00,driver,1160570,5.0,57244.0,1396672.0
B,1789628581.0,15:03:01,driver,1160570,5.0,57180.0,1396672.0
B,1789628582.0,15:03:02,driver,1160570,4.0,57188.0,1396672.0
B,1789628583.0,15:03:03,driver,1160570,5.0,57188.0,1396672.0
B,1789628584.0,15:03:04,driver,1160570,6.0,57188.0,1396672.0
B,1789628585.0,15:03:05,driver,1160570,5.0,57188.0,1396672.0
B,1789628586.0,15:03:06,driver,1160570,5.0,56852.0,1396160.0
B,1789628587.0,15:03:07,driver,1160570,4.0,56948.0,1396160.0
B,1789628588.0,15:03:08,driver,1160570,5.0,56948.0,1396160.0
B,1789628589.0,15:03:09,driver,1160570,6.0,56800.0,1396160.0
B,1789628590.0,15:03:10,driver,1160570,5.0,56800.0,1396160.0
B,1789628591.0,15:03:11,driver,1160570,4.0,56852.0,1396160.0
B,1789628592.0,15:03:12,driver,1160570,5.0,56820.0,1396160.0
B,1789628593.0,15:03:13,driver,1160570,4.0,56820.0,1396160.0
B,1789628594.0,15:03:14,driver,1160570,5.0,56844.0,1396160.0
B,1789628595.0,15:03:15,driver,1160570,5.0,56912.0,1396160.0
B,1789628596.0,15:03:16,driver,1160570,4.0,57364.0,1396160.0
B,1789628597.0,15:03:17,driver,1160570,6.0,57260.0,1396160.0
B,1789628598.0,15:03:18,driver,1160570,3.0,57260.0,1396160.0
B,1789628599.0,15:03:19,driver,1160570,4.0,57196.0,1396160.0
B,1789628600.0,15:03:20,driver,1160570,5.0,57196.0,1396160.0
B,1789628601.0,15:03:21,driver,1160570,5.0,57196.0,1396160.0
B,1789628602.0,15:03:22,driver,1160570,5.0,57196.0,1396160.0
B,1789628603.0,15:03:23,driver,1160570,3.0,57108.0,1396160.0
B,1789628604.0,15:03:24,driver,1160570,5.0,56960.0,1396160.0
B,1789628605.0,15:03:25,driver,1160570,6.0,56960.0,1396160.0
B,1789628606.0,15:03:26,driver,1160570,5.0,57092.0,1396160.0
B,1789628607.0,15:03:27,driver,1160570,4.0,57068.0,1396160.0
B,1789628608.0,15:03:28,driver,1160570,4.0,56952.0,1396160.0
B,1789628609.0,15:03:29,driver,1160570,6.0,56952.0,1396160.0
B,1789628610.0,15:03:30,driver,1160570,5.0,56952.0,1396160.0
B,1789628611.0,15:03:31,driver,1160570,5.0,56952.0,1396160.0
B,1789628612.0,15:03:32,driver,1160570,4.0,57204.0,1396160.0
B,1789628613.0,15:03:33,driver,1160570,5.0,57188.0,1396160.0
B,1789628614.0,15:03:34,driver,1160570,4.0,57188.0,1396160.0
B,1789628615.0,15:03:35,driver,1160570,5.0,57200.0,1396160.0
B,1789628616.0,15:03:36,driver,1160570,5.0,57040.0,1396160.0
B,1789628617.0,15:03:37,driver,1160570,5.0,56876.0,1396160.0
B,1789628618.0,15:03:38,driver,1160570,5.0,56876.0,1396160.0
B,1789628619.0,15:03:39,driver,1160570,5.0,57040.0,1396160.0
B,1789628620.0,15:03:40,driver,1160570,5.0,57040.0,1396160.0
B,1789628621.0,15:03:41,driver,1160570,6.0,57040.0,1396160.0
B,1789628622.0,15:03:42,driver,1160570,4.0,57040.0,1396160.0
B,1789628623.0,15:03:43,driver,1160570,5.0,57208.0,1396160.0
B,1789628624.0,15:03:44,driver,1160570,6.0,57208.0,1396160.0
B,1789628625.0,15:03:45,driver,1160570,4.0,57208.0,1396160.0
B,1789628626.0,15:03:46,driver,1160570,4.0,57592.0,1396160.0
B,1789628627.0,15:03:47,driver,1160570,5.0,57592.0,1396160.0
B,1789628628.0,15:03:48,driver,1160570,5.0,57592.0,1396160.0
B,1789628629.0,15:03:49,driver,1160570,5.0,57592.0,1396160.0
B,1789628630.0,15:03:50,driver,1160570,5.0,57592.0,1396160.0
B,1789628631.0,15:03:51,driver,1160570,4.0,57512.0,1396160.0
B,1789628632.0,15:03:52,driver,1160570,5.0,57356.0,1396160.0
B,1789628633.0,15:03:53,driver,1160570,5.0,57528.0,1396160.0
B,1789628634.0,15:03:54,driver,1160570,5.0,57604.0,1396160.0
B,1789628635.0,15:03:55,driver,1160570,5.0,57636.0,1396160.0
B,1789628636.0,15:03:56,driver,1160570,5.0,57636.0,1396160.0
B,1789628637.0,15:03:57,driver,1160570,4.0,57676.0,1396160.0
B,1789628638.0,15:03:58,driver,1160570,4.0,57520.0,1396160.0
B,1789628639.0,15:03:59,driver,1160570,5.0,57520.0,1396160.0
B,1789628640.0,15:04:00,driver,1160570,4.0,57520.0,1396160.0
B,1789628641.0,15:04:01,driver,1160570,4.0,57520.0,1396160.0
B,1789628642.0,15:04:02,driver,1160570,4.0,57520.0,1396160.0
B,1789628643.0,15:04:03,driver,1160570,5.0,57520.0,1396160.0
B,1789628644.0,15:04:04,driver,1160570,4.0,57352.0,1396160.0
B,1789628645.0,15:04:05,driver,1160570,4.0,57352.0,1396160.0
B,1789628646.0,15:04:06,driver,1160570,4.0,57352.0,1396160.0
B,1789628647.0,15:04:07,driver,1160570,4.0,57352.0,1396160.0
B,1789628648.0,15:04:08,driver,1160570,6.0,57512.0,1396160.0
B,1789628649.0,15:04:09,driver,1160570,4.0,57512.0,1396160.0
B,1789628650.0,15:04:10,driver,1160570,4.0,57512.0,1396160.0
B,1789628651.0,15:04:11,driver,1160570,5.0,57512.0,1396160.0
B,1789628652.0,15:04:12,driver,1160570,4.0,57512.0,1396160.0
B,1789628653.0,15:04:13,driver,1160570,3.0,57636.0,1396160.0
B,1789628654.0,15:04:14,driver,1160570,5.0,57636.0,1396160.0
B,1789628655.0,15:04:15,driver,1160570,5.0,57664.0,1396160.0
B,1789628656.0,15:04:16,driver,1160570,3.0,57664.0,1396160.0
B,1789628657.0,15:04:17,driver,1160570,5.0,57508.0,1396160.0
B,1789628658.0,15:04:18,driver,1160570,5.0,57508.0,1396160.0
B,1789628659.0,15:04:19,driver,1160570,5.0,57508.0,1396160.0
B,1789628660.0,15:04:20,driver,1160570,4.0,57448.0,1396160.0
B,1789628661.0,15:04:21,driver,1160570,5.0,57448.0,1396160.0
B,1789628662.0,15:04:22,driver,1160570,4.0,57448.0,1396160.0
B,1789628663.0,15:04:23,driver,1160570,5.0,57448.0,1396160.0
B,1789628664.0,15:04:24,driver,1160570,4.0,57448.0,1396160.0
B,1789628665.0,15:04:25,driver,1160570,5.0,57448.0,1396160.0
B,1789628666.0,15:04:26,driver,1160570,4.0,57448.0,1396160.0
B,1789628667.0,15:04:27,driver,1160570,4.0,57448.0,1396160.0
B,1789628668.0,15:04:28,driver,1160570,5.0,57448.0,1396160.0
B,1789628669.0,15:04:29,driver,1160570,4.0,57448.0,1396160.0
B,1789628670.0,15:04:30,driver,1160570,5.0,57448.0,1396160.0
B,1789628671.0,15:04:31,driver,1160570,4.0,57448.0,1396160.0
B,1789628672.0,15:04:32,driver,1160570,5.0,57448.0,1396160.0
B,1789628673.0,15:04:33,driver,1160570,5.0,57508.0,1396160.0
B,1789628674.0,15:04:34,driver,1160570,5.0,57508.0,1396160.0
B,1789628675.0,15:04:35,driver,1160570,4.0,57508.0,1396160.0
B,1789628676.0,15:04:36,driver,1160570,4.0,57508.0,1396160.0
B,1789628677.0,15:04:37,driver,1160570,5.0,57508.0,1396160.0
B,1789628678.0,15:04:38,driver,1160570,5.0,57508.0,1396160.0
B,1789628679.0,15:04:39,driver,1160570,4.0,57508.0,1396160.0
B,1789628680.0,15:04:40,driver,1160570,4.0,57508.0,1396160.0
B,1789628681.0,15:04:41,driver,1160570,4.0,57508.0,1396160.0
B,1789628682.0,15:04:42,driver,1160570,4.0,57508.0,1396160.0
B,1789628683.0,15:04:43,driver,1160570,5.0,57508.0,1396160.0
B,1789628684.0,15:04:44,driver,1160570,5.0,57508.0,1396160.0
B,1789628685.0,15:04:45,driver,1160570,5.0,57508.0,1396160.0
B,1789628686.0,15:04:46,driver,1160570,5.0,57508.0,1396160.0
B,1789628687.0,15:04:47,driver,1160570,6.0,57508.0,1396160.0
B,1789628688.0,15:04:48,driver,1160570,4.0,57508.0,1396160.0
B,1789628689.0,15:04:49,driver,1160570,4.0,57508.0,1396160.0
B,1789628690.0,15:04:50,driver,1160570,5.0,57548.0,1396160.0
B,1789628691.0,15:04:51,driver,1160570,5.0,57548.0,1396160.0
B,1789628692.0,15:04:52,driver,1160570,5.0,57632.0,1396160.0
B,1789628693.0,15:04:53,driver,1160570,5.0,57672.0,1396160.0
B,1789628694.0,15:04:54,driver,1160570,6.0,57672.0,1396160.0
B,1789628695.0,15:04:55,driver,1160570,4.0,57672.0,1396160.0
B,1789628696.0,15:04:56,driver,1160570,5.0,57488.0,1396160.0
B,1789628697.0,15:04:57,driver,1160570,5.0,57652.0,1396160.0
B,1789628698.0,15:04:58,driver,1160570,4.0,57652.0,1396160.0
B,1789628699.0,15:04:59,driver,1160570,5.0,57652.0,1396160.0
B,1789628700.0,15:05:00,driver,1160570,5.0,57672.0,1396160.0
B,1789628701.0,15:05:01,driver,1160570,4.0,57672.0,1396160.0
B,1789628702.0,15:05:02,driver,1160570,5.0,57672.0,1396160.0
B,1789628703.0,15:05:03,driver,1160570,5.0,57604.0,1396160.0
B,1789628704.0,15:05:04,driver,1160570,5.0,57604.0,1396160.0
B,1789628705.0,15:05:05,driver,1160570,5.0,57604.0,1396160.0
B,1789628706.0,15:05:06,driver,1160570,5.0,57704.0,1396160.0
B,1789628707.0,15:05:07,driver,1160570,5.0,57784.0,1396160.0
B,1789628708.0,15:05:08,driver,1160570,4.0,57784.0,1396160.0
B,1789628709.0,15:05:09,driver,1160570,5.0,57736.0,1396160.0
B,1789628710.0,15:05:10,driver,1160570,6.0,57808.0,1396160.0
B,1789628711.0,15:05:11,driver,1160570,4.0,57792.0,1396160.0
B,1789628712.0,15:05:12,driver,1160570,4.0,57792.0,1396160.0
B,1789628713.0,15:05:13,driver,1160570,5.0,57792.0,1396160.0
B,1789628714.0,15:05:14,driver,1160570,4.0,57792.0,1396160.0
B,1789628715.0,15:05:15,driver,1160570,6.0,57792.0,1396160.0
B,1789628716.0,15:05:16,driver,1160570,4.0,57792.0,1396160.0
B,1789628717.0,15:05:17,driver,1160570,5.0,57792.0,1396160.0
B,1789628718.0,15:05:18,driver,1160570,4.0,57792.0,1396160.0
B,1789628719.0,15:05:19,driver,1160570,5.0,57792.0,1396160.0
B,1789628720.0,15:05:20,driver,1160570,4.0,57792.0,1396160.0
B,1789628721.0,15:05:21,driver,1160570,4.0,57792.0,1396160.0
B,1789628722.0,15:05:22,driver,1160570,5.0,58084.0,1396160.0
B,1789628723.0,15:05:23,driver,1160570,5.0,58148.0,1396160.0
B,1789628724.0,15:05:24,driver,1160570,5.0,58096.0,1396160.0
B,1789628725.0,15:05:25,driver,1160570,5.0,58096.0,1396160.0
B,1789628726.0,15:05:26,driver,1160570,5.0,58096.0,1396160.0
B,1789628727.0,15:05:27,driver,1160570,4.0,58096.0,1396160.0
B,1789628728.0,15:05:28,driver,1160570,4.0,58096.0,1396160.0
B,1789628729.0,15:05:29,driver,1160570,5.0,58096.0,1396160.0
B,1789628730.0,15:05:30,driver,1160570,4.0,58096.0,1396160.0
B,1789628731.0,15:05:31,driver,1160570,4.0,58096.0,1396160.0
B,1789628732.0,15:05:32,driver,1160570,6.0,58096.0,1396160.0
B,1789628733.0,15:05:33,driver,1160570,4.0,58096.0,1396160.0
B,1789628734.0,15:05:34,driver,1160570,4.95,58096.0,1396160.0
B,1789628735.0,15:05:35,driver,1160570,5.0,58096.0,1396160.0
B,1789628736.0,15:05:36,driver,1160570,4.0,57812.0,1396160.0
B,1789628737.0,15:05:37,driver,1160570,4.0,57812.0,1396160.0
B,1789628738.0,15:05:38,driver,1160570,5.0,57812.0,1396160.0
B,1789628739.0,15:05:39,driver,1160570,5.0,57864.0,1396160.0
B,1789628740.0,15:05:40,driver,1160570,5.0,57864.0,1396160.0
B,1789628741.0,15:05:41,driver,1160570,5.0,57864.0,1396160.0
B,1789628742.0,15:05:42,driver,1160570,4.0,57864.0,1396160.0
B,1789628743.0,15:05:43,driver,1160570,5.0,57700.0,1396160.0
B,1789628744.0,15:05:44,driver,1160570,4.0,57700.0,1396160.0
B,1789628745.0,15:05:45,driver,1160570,4.0,57700.0,1396160.0
B,1789628746.0,15:05:46,driver,1160570,4.0,57700.0,1396160.0
B,1789628747.0,15:05:47,driver,1160570,4.0,57700.0,1396160.0
B,1789628748.0,15:05:48,driver,1160570,5.0,57696.0,1396160.0
B,1789628749.0,15:05:49,driver,1160570,5.0,57696.0,1396160.0
B,1789628750.0,15:05:50,driver,1160570,4.0,57792.0,1396160.0
B,1789628751.0,15:05:51,driver,1160570,4.0,57636.0,1396160.0
B,1789628752.0,15:05:52,driver,1160570,4.0,57636.0,1396160.0
B,1789628753.0,15:05:53,driver,1160570,6.0,57924.0,1396160.0
B,1789628754.0,15:05:54,driver,1160570,5.0,58088.0,1396160.0
B,1789628755.0,15:05:55,driver,1160570,5.0,57956.0,1396160.0
B,1789628756.0,15:05:56,driver,1160570,6.0,57956.0,1396160.0
B,1789628757.0,15:05:57,driver,1160570,4.0,57888.0,1396160.0
B,1789628758.0,15:05:58,driver,1160570,5.0,57756.0,1396160.0
B,1789628759.0,15:05:59,driver,1160570,4.0,57756.0,1396160.0
B,1789628760.0,15:06:00,driver,1160570,4.0,57756.0,1396160.0
B,1789628761.0,15:06:01,driver,1160570,5.0,57756.0,1396160.0
B,1789628762.0,15:06:02,driver,1160570,3.0,57756.0,1396160.0
B,1789628763.0,15:06:03,driver,1160570,4.0,57756.0,1396160.0
B,1789628764.0,15:06:04,driver,1160570,5.0,57968.0,1396160.0
B,1789628765.0,15:06:05,driver,1160570,5.0,57912.0,1396160.0
B,1789628766.0,15:06:06,driver,1160570,4.0,57912.0,1396160.0
B,1789628767.0,15:06:07,driver,1160570,5.0,57888.0,1396160.0
B,1789628768.0,15:06:08,driver,1160570,4.0,57888.0,1396160.0
B,1789628769.0,15:06:09,driver,1160570,4.0,57888.0,1396160.0
B,1789628770.0,15:06:10,driver,1160570,4.0,57828.0,1396160.0
B,1789628771.0,15:06:11,driver,1160570,6.0,57880.0,1396160.0
B,1789628772.0,15:06:12,driver,1160570,5.0,57780.0,1396160.0
B,1789628773.0,15:06:13,driver,1160570,4.0,57624.0,1396160.0
B,1789628774.0,15:06:14,driver,1160570,5.0,57840.0,1396160.0
B,1789628775.0,15:06:15,driver,1160570,4.0,57840.0,1396160.0
B,1789628776.0,15:06:16,driver,1160570,5.0,57840.0,1396160.0
B,1789628777.0,15:06:17,driver,1160570,5.0,57840.0,1396160.0
B,1789628778.0,15:06:18,driver,1160570,4.0,57840.0,1396160.0
B,1789628779.0,15:06:19,driver,1160570,4.0,57840.0,1396160.0
B,1789628780.0,15:06:20,driver,1160570,5.0,58064.0,1396160.0
B,1789628781.0,15:06:21,driver,1160570,5.0,58120.0,1396160.0
B,1789628782.0,15:06:22,driver,1160570,4.0,58032.0,1396160.0
B,1789628783.0,15:06:23,driver,1160570,6.0,58188.0,1396160.0
B,1789628784.0,15:06:24,driver,1160570,5.0,58188.0,1396160.0
B,1789628785.0,15:06:25,driver,1160570,5.0,58128.0,1396160.0
B,1789628786.0,15:06:26,driver,1160570,4.0,58128.0,1396160.0
B,1789628787.0,15:06:27,driver,1160570,5.0,58052.0,1396160.0
B,1789628788.0,15:06:28,driver,1160570,5.0,58052.0,1396160.0
B,1789628789.0,15:06:29,driver,1160570,4.0,58052.0,1396160.0
B,1789628790.0,15:06:30,driver,1160570,4.0,58216.0,1396160.0
B,1789628791.0,15:06:31,driver,1160570,5.0,58216.0,1396160.0
B,1789628792.0,15:06:32,driver,1160570,4.0,58180.0,1396160.0
B,1789628793.0,15:06:33,driver,1160570,5.0,58180.0,1396160.0
B,1789628794.0,15:06:34,driver,1160570,4.0,58180.0,1396160.0
B,1789628795.0,15:06:35,driver,1160570,5.0,58180.0,1396160.0
B,1789628796.0,15:06:36,driver,1160570,5.0,58180.0,1396160.0
B,1789628797.0,15:06:37,driver,1160570,4.0,58180.0,1396160.0
B,1789628798.0,15:06:38,driver,1160570,6.0,58180.0,1396160.0
B,1789628799.0,15:06:39,driver,1160570,4.0,58180.0,1396160.0
B,1789628800.0,15:06:40,driver,1160570,6.0,58180.0,1396160.0
B,1789628801.0,15:06:41,driver,1160570,4.0,58180.0,1396160.0
B,1789628802.0,15:06:42,driver,1160570,6.0,58068.0,1396160.0
B,1789628803.0,15:06:43,driver,1160570,4.0,58068.0,1396160.0
B,1789628804.0,15:06:44,driver,1160570,5.0,58068.0,1396160.0
B,1789628805.0,15:06:45,driver,1160570,5.0,58068.0,1396160.0
B,1789628806.0,15:06:46,driver,1160570,5.0,57848.0,1396160.0
B,1789628807.0,15:06:47,driver,1160570,5.0,57504.0,1396160.0
B,1789628808.0,15:06:48,driver,1160570,5.0,57504.0,1396160.0
B,1789628809.0,15:06:49,driver,1160570,4.0,57504.0,1396160.0
B,1789628810.0,15:06:50,driver,1160570,5.0,57504.0,1396160.0
B,1789628811.0,15:06:51,driver,1160570,4.0,57572.0,1396160.0
B,1789628812.0,15:06:52,driver,1160570,5.0,57408.0,1396160.0
B,1789628813.0,15:06:53,driver,1160570,6.0,57572.0,1396160.0
B,1789628814.0,15:06:54,driver,1160570,5.0,57572.0,1396160.0
B,1789628815.0,15:06:55,driver,1160570,4.0,57444.0,1396160.0
B,1789628816.0,15:06:56,driver,1160570,5.0,57444.0,1396160.0
B,1789628817.0,15:06:57,driver,1160570,5.0,57704.0,1396160.0
B,1789628818.0,15:06:58,driver,1160570,4.0,57704.0,1396160.0
B,1789628819.0,15:06:59,driver,1160570,5.0,57704.0,1396160.0
B,1789628820.0,15:07:00,driver,1160570,4.0,57948.0,1396160.0
B,1789628821.0,15:07:01,driver,1160570,6.0,58096.0,1396160.0
B,1789628822.0,15:07:02,driver,1160570,5.0,58096.0,1396160.0
B,1789628823.0,15:07:03,driver,1160570,5.0,58096.0,1396160.0
B,1789628824.0,15:07:04,driver,1160570,5.0,58172.0,1396160.0
B,1789628825.0,15:07:05,driver,1160570,4.0,58044.0,1396160.0
B,1789628826.0,15:07:06,driver,1160570,6.0,58004.0,1396160.0
B,1789628827.0,15:07:07,driver,1160570,4.0,57952.0,1396160.0
B,1789628828.0,15:07:08,driver,1160570,6.0,57804.0,1396160.0
B,1789628829.0,15:07:09,driver,1160570,4.0,57804.0,1396160.0
B,1789628830.0,15:07:10,driver,1160570,5.0,57856.0,1396160.0
B,1789628831.0,15:07:11,driver,1160570,5.0,57856.0,1396160.0
B,1789628832.0,15:07:12,driver,1160570,4.0,57856.0,1396160.0
B,1789628833.0,15:07:13,driver,1160570,5.0,57688.0,1396160.0
B,1789628834.0,15:07:14,driver,1160570,5.0,57688.0,1396160.0
B,1789628835.0,15:07:15,driver,1160570,4.0,57688.0,1396160.0
B,1789628836.0,15:07:16,driver,1160570,5.0,57696.0,1396160.0
B,1789628837.0,15:07:17,driver,1160570,4.0,57628.0,1396160.0
B,1789628838.0,15:07:18,driver,1160570,4.0,57628.0,1396160.0
B,1789628839.0,15:07:19,driver,1160570,4.0,57784.0,1396160.0
B,1789628840.0,15:07:20,driver,1160570,6.0,57824.0,1396160.0
B,1789628841.0,15:07:21,driver,1160570,5.0,57824.0,1396160.0
B,1789628842.0,15:07:22,driver,1160570,6.0,57824.0,1396160.0
B,1789628843.0,15:07:23,driver,1160570,5.0,58024.0,1396160.0
B,1789628844.0,15:07:24,driver,1160570,5.0,57860.0,1396160.0
B,1789628845.0,15:07:25,driver,1160570,4.0,58008.0,1396160.0
B,1789628846.0,15:07:26,driver,1160570,6.0,58008.0,1396160.0
B,1789628847.0,15:07:27,driver,1160570,4.0,57920.0,1396160.0
B,1789628848.0,15:07:28,driver,1160570,5.0,58076.0,1396160.0
B,1789628849.0,15:07:29,driver,1160570,5.0,58076.0,1396160.0
B,1789628850.0,15:07:30,driver,1160570,5.0,57996.0,1396160.0
B,1789628851.0,15:07:31,driver,1160570,6.0,58040.0,1396160.0
B,1789628852.0,15:07:32,driver,1160570,4.0,58040.0,1396160.0
B,1789628853.0,15:07:33,driver,1160570,6.0,58040.0,1396160.0
B,1789628854.0,15:07:34,driver,1160570,5.0,58040.0,1396160.0
B,1789628855.0,15:07:35,driver,1160570,5.0,58040.0,1396160.0
B,1789628856.0,15:07:36,driver,1160570,5.0,58000.0,1396160.0
B,1789628857.0,15:07:37,driver,1160570,6.0,57736.0,1396160.0
B,1789628858.0,15:07:38,driver,1160570,5.0,57736.0,1396160.0
B,1789628859.0,15:07:39,driver,1160570,5.0,57696.0,1396160.0
B,1789628860.0,15:07:40,driver,1160570,4.0,57696.0,1396160.0
B,1789628861.0,15:07:41,driver,1160570,5.0,57696.0,1396160.0
B,1789628862.0,15:07:42,driver,1160570,4.0,57696.0,1396160.0
B,1789628863.0,15:07:43,driver,1160570,6.0,57696.0,1396160.0
B,1789628864.0,15:07:44,driver,1160570,4.0,57696.0,1396160.0
B,1789628865.0,15:07:45,driver,1160570,6.0,57844.0,1396160.0
B,1789628866.0,15:07:46,driver,1160570,5.0,57844.0,1396160.0
B,1789628867.0,15:07:47,driver,1160570,6.0,57732.0,1396160.0
B,1789628868.0,15:07:48,driver,1160570,6.0,57732.0,1396160.0
B,1789628869.0,15:07:49,driver,1160570,5.0,57564.0,1396160.0
B,1789628870.0,15:07:50,driver,1160570,5.0,57564.0,1396160.0
B,1789628871.0,15:07:51,driver,1160570,4.0,57564.0,1396160.0
B,1789628872.0,15:07:52,driver,1160570,5.0,57564.0,1396160.0
B,1789628873.0,15:07:53,driver,1160570,4.0,57564.0,1396160.0
B,1789628874.0,15:07:54,driver,1160570,5.0,57564.0,1396160.0
B,1789628875.0,15:07:55,driver,1160570,5.0,57604.0,1396160.0
C,1789629086.0,15:11:26,driver,1160570,5.0,59212.0,1397580.0
C,1789629086.0,15:11:26,robot_state_publisher,1168637,0.0,32848.0,879868.0
C,1789629086.0,15:11:26,frame_relay,1168785,1.0,77808.0,953896.0
C,1789629086.0,15:11:26,fusion,1168996,5.0,39588.0,961652.0
C,1789629087.0,15:11:27,driver,1160570,5.0,59140.0,1397580.0
C,1789629087.0,15:11:27,robot_state_publisher,1168637,0.0,32848.0,879868.0
C,1789629087.0,15:11:27,frame_relay,1168785,1.0,77808.0,953896.0
C,1789629087.0,15:11:27,fusion,1168996,6.0,39588.0,961652.0
C,1789629088.0,15:11:28,driver,1160570,5.0,59140.0,1397580.0
C,1789629088.0,15:11:28,robot_state_publisher,1168637,0.0,32848.0,879868.0
C,1789629088.0,15:11:28,frame_relay,1168785,1.0,77808.0,953896.0
C,1789629088.0,15:11:28,fusion,1168996,5.0,39588.0,961652.0
C,1789629089.0,15:11:29,driver,1160570,6.0,59144.0,1397580.0
C,1789629089.0,15:11:29,robot_state_publisher,1168637,0.0,32848.0,879868.0
C,1789629089.0,15:11:29,frame_relay,1168785,1.0,77808.0,953896.0
C,1789629089.0,15:11:29,fusion,1168996,5.0,39588.0,961652.0
C,1789629090.0,15:11:30,driver,1160570,4.0,59144.0,1397580.0
C,1789629090.0,15:11:30,robot_state_publisher,1168637,0.0,32848.0,879868.0
C,1789629090.0,15:11:30,frame_relay,1168785,2.0,77808.0,953896.0
C,1789629090.0,15:11:30,fusion,1168996,5.0,39588.0,961652.0
C,1789629091.0,15:11:31,driver,1160570,5.0,59144.0,1397580.0
C,1789629091.0,15:11:31,robot_state_publisher,1168637,0.0,32848.0,879868.0
C,1789629091.0,15:11:31,frame_relay,1168785,1.0,77808.0,953896.0
C,1789629091.0,15:11:31,fusion,1168996,6.0,39588.0,961652.0
C,1789629092.0,15:11:32,driver,1160570,5.0,59164.0,1397580.0
C,1789629092.0,15:11:32,robot_state_publisher,1168637,0.0,32848.0,879868.0
C,1789629092.0,15:11:32,frame_relay,1168785,1.0,77808.0,953896.0
C,1789629092.0,15:11:32,fusion,1168996,5.0,38744.0,960696.0
C,1789629093.0,15:11:33,driver,1160570,4.0,59164.0,1397580.0
C,1789629093.0,15:11:33,robot_state_publisher,1168637,0.0,32848.0,879868.0
C,1789629093.0,15:11:33,frame_relay,1168785,1.0,77808.0,953896.0
C,1789629093.0,15:11:33,fusion,1168996,6.0,38744.0,960696.0
C,1789629094.0,15:11:34,driver,1160570,5.0,59164.0,1397580.0
C,1789629094.0,15:11:34,robot_state_publisher,1168637,0.0,32848.0,879868.0
C,1789629094.0,15:11:34,frame_relay,1168785,2.0,77808.0,953896.0
C,1789629094.0,15:11:34,fusion,1168996,5.0,39112.0,961200.0
C,1789629095.0,15:11:35,driver,1160570,4.0,59164.0,1397580.0
C,1789629095.0,15:11:35,robot_state_publisher,1168637,0.0,32848.0,879868.0
C,1789629095.0,15:11:35,frame_relay,1168785,1.0,77808.0,953896.0
C,1789629095.0,15:11:35,fusion,1168996,5.0,39024.0,961076.0
C,1789629096.0,15:11:36,driver,1160570,4.0,59164.0,1397580.0
C,1789629096.0,15:11:36,robot_state_publisher,1168637,0.0,32848.0,879868.0
C,1789629096.0,15:11:36,frame_relay,1168785,1.0,77808.0,953896.0
C,1789629096.0,15:11:36,fusion,1168996,7.0,39364.0,961456.0
C,1789629097.0,15:11:37,driver,1160570,5.0,59164.0,1397580.0
C,1789629097.0,15:11:37,robot_state_publisher,1168637,0.0,32848.0,879868.0
C,1789629097.0,15:11:37,frame_relay,1168785,1.0,77808.0,953896.0
C,1789629097.0,15:11:37,fusion,1168996,5.0,39788.0,961960.0
C,1789629098.0,15:11:38,driver,1160570,6.0,59164.0,1397580.0
C,1789629098.0,15:11:38,robot_state_publisher,1168637,0.0,32848.0,879868.0
C,1789629098.0,15:11:38,frame_relay,1168785,2.0,77808.0,953896.0
C,1789629098.0,15:11:38,fusion,1168996,6.0,40056.0,961960.0
C,1789629099.0,15:11:39,driver,1160570,4.0,59164.0,1397580.0
C,1789629099.0,15:11:39,robot_state_publisher,1168637,0.0,32848.0,879868.0
C,1789629099.0,15:11:39,frame_relay,1168785,1.0,77808.0,953896.0
C,1789629099.0,15:11:39,fusion,1168996,6.0,39552.0,961456.0
C,1789629100.0,15:11:40,driver,1160570,6.0,59164.0,1397580.0
C,1789629100.0,15:11:40,robot_state_publisher,1168637,0.0,32848.0,879868.0
C,1789629100.0,15:11:40,frame_relay,1168785,1.0,77808.0,953896.0
C,1789629100.0,15:11:40,fusion,1168996,6.0,39524.0,961456.0
C,1789629101.0,15:11:41,driver,1160570,5.0,59164.0,1397580.0
C,1789629101.0,15:11:41,robot_state_publisher,1168637,0.0,32848.0,879868.0
C,1789629101.0,15:11:41,frame_relay,1168785,1.0,77808.0,953896.0
C,1789629101.0,15:11:41,fusion,1168996,6.0,40512.0,962344.0
C,1789629102.0,15:11:42,driver,1160570,4.0,59164.0,1397580.0
C,1789629102.0,15:11:42,robot_state_publisher,1168637,0.0,32848.0,879868.0
C,1789629102.0,15:11:42,frame_relay,1168785,1.0,77808.0,953896.0
C,1789629102.0,15:11:42,fusion,1168996,7.0,40512.0,962344.0
C,1789629103.0,15:11:43,driver,1160570,5.0,59164.0,1397580.0
C,1789629103.0,15:11:43,robot_state_publisher,1168637,0.0,32848.0,879868.0
C,1789629103.0,15:11:43,frame_relay,1168785,1.0,77808.0,953896.0
C,1789629103.0,15:11:43,fusion,1168996,5.0,40944.0,962848.0
C,1789629104.0,15:11:44,driver,1160570,4.0,59008.0,1397580.0
C,1789629104.0,15:11:44,robot_state_publisher,1168637,0.0,32848.0,879868.0
C,1789629104.0,15:11:44,frame_relay,1168785,1.0,77808.0,953896.0
C,1789629104.0,15:11:44,fusion,1168996,6.0,40440.0,962344.0
C,1789629105.0,15:11:45,driver,1160570,5.0,59008.0,1397580.0
C,1789629105.0,15:11:45,robot_state_publisher,1168637,0.0,32848.0,879868.0
C,1789629105.0,15:11:45,frame_relay,1168785,1.0,77808.0,953896.0
C,1789629105.0,15:11:45,fusion,1168996,7.0,40256.0,962344.0
C,1789629106.0,15:11:46,driver,1160570,4.0,59008.0,1397580.0
C,1789629106.0,15:11:46,robot_state_publisher,1168637,0.0,32848.0,879868.0
C,1789629106.0,15:11:46,frame_relay,1168785,2.0,77808.0,953896.0
C,1789629106.0,15:11:46,fusion,1168996,5.0,40760.0,962848.0
C,1789629107.0,15:11:47,driver,1160570,5.0,59008.0,1397580.0
C,1789629107.0,15:11:47,robot_state_publisher,1168637,1.0,32848.0,879868.0
C,1789629107.0,15:11:47,frame_relay,1168785,1.0,77808.0,953896.0
C,1789629107.0,15:11:47,fusion,1168996,5.0,39132.0,961300.0
C,1789629108.0,15:11:48,driver,1160570,4.0,59008.0,1397580.0
C,1789629108.0,15:11:48,robot_state_publisher,1168637,0.0,32848.0,879868.0
C,1789629108.0,15:11:48,frame_relay,1168785,1.0,77808.0,953896.0
C,1789629108.0,15:11:48,fusion,1168996,6.0,39132.0,961300.0
C,1789629109.0,15:11:49,driver,1160570,4.0,58912.0,1397580.0
C,1789629109.0,15:11:49,robot_state_publisher,1168637,0.0,32848.0,879868.0
C,1789629109.0,15:11:49,frame_relay,1168785,1.0,77808.0,953896.0
C,1789629109.0,15:11:49,fusion,1168996,5.0,39132.0,961300.0
C,1789629110.0,15:11:50,driver,1160570,5.0,58912.0,1397580.0
C,1789629110.0,15:11:50,robot_state_publisher,1168637,0.0,32848.0,879868.0
C,1789629110.0,15:11:50,frame_relay,1168785,1.0,77808.0,953896.0
C,1789629110.0,15:11:50,fusion,1168996,6.0,39132.0,961300.0
C,1789629111.0,15:11:51,driver,1160570,4.0,58912.0,1397580.0
C,1789629111.0,15:11:51,robot_state_publisher,1168637,0.0,32848.0,879868.0
C,1789629111.0,15:11:51,frame_relay,1168785,1.0,77808.0,953896.0
C,1789629111.0,15:11:51,fusion,1168996,5.0,39132.0,961300.0
C,1789629112.0,15:11:52,driver,1160570,6.0,58912.0,1397580.0
C,1789629112.0,15:11:52,robot_state_publisher,1168637,0.0,32848.0,879868.0
C,1789629112.0,15:11:52,frame_relay,1168785,1.0,77808.0,953896.0
C,1789629112.0,15:11:52,fusion,1168996,6.0,39132.0,961300.0
C,1789629113.0,15:11:53,driver,1160570,6.0,59140.0,1397580.0
C,1789629113.0,15:11:53,robot_state_publisher,1168637,0.0,32848.0,879868.0
C,1789629113.0,15:11:53,frame_relay,1168785,1.0,77808.0,953896.0
C,1789629113.0,15:11:53,fusion,1168996,5.0,39132.0,961300.0
C,1789629114.0,15:11:54,driver,1160570,7.0,59256.0,1397580.0
C,1789629114.0,15:11:54,robot_state_publisher,1168637,1.0,32848.0,879868.0
C,1789629114.0,15:11:54,frame_relay,1168785,2.0,77808.0,953896.0
C,1789629114.0,15:11:54,fusion,1168996,7.0,39132.0,961300.0
C,1789629115.0,15:11:55,driver,1160570,5.0,59160.0,1397580.0
C,1789629115.0,15:11:55,robot_state_publisher,1168637,0.0,32848.0,879868.0
C,1789629115.0,15:11:55,frame_relay,1168785,1.0,77808.0,953896.0
C,1789629115.0,15:11:55,fusion,1168996,6.0,39132.0,961300.0
C,1789629116.0,15:11:56,driver,1160570,4.0,59160.0,1397580.0
C,1789629116.0,15:11:56,robot_state_publisher,1168637,0.0,32848.0,879868.0
C,1789629116.0,15:11:56,frame_relay,1168785,1.0,77808.0,953896.0
C,1789629116.0,15:11:56,fusion,1168996,5.0,39132.0,961300.0
C,1789629117.0,15:11:57,driver,1160570,5.0,59192.0,1397580.0
C,1789629117.0,15:11:57,robot_state_publisher,1168637,0.0,32848.0,879868.0
C,1789629117.0,15:11:57,frame_relay,1168785,1.0,77808.0,953896.0
C,1789629117.0,15:11:57,fusion,1168996,5.0,39132.0,961300.0
C,1789629118.0,15:11:58,driver,1160570,5.0,59036.0,1397580.0
C,1789629118.0,15:11:58,robot_state_publisher,1168637,0.0,32848.0,879868.0
C,1789629118.0,15:11:58,frame_relay,1168785,1.0,77808.0,953896.0
C,1789629118.0,15:11:58,fusion,1168996,6.0,39132.0,961300.0
C,1789629119.0,15:11:59,driver,1160570,5.0,58960.0,1397580.0
C,1789629119.0,15:11:59,robot_state_publisher,1168637,0.0,32848.0,879868.0
C,1789629119.0,15:11:59,frame_relay,1168785,1.0,77808.0,953896.0
C,1789629119.0,15:11:59,fusion,1168996,5.0,39132.0,961300.0
C,1789629120.0,15:12:00,driver,1160570,5.0,58804.0,1397580.0
C,1789629120.0,15:12:00,robot_state_publisher,1168637,0.0,32848.0,879868.0
C,1789629120.0,15:12:00,frame_relay,1168785,1.0,77808.0,953896.0
C,1789629120.0,15:12:00,fusion,1168996,6.0,39132.0,961300.0
C,1789629121.0,15:12:01,driver,1160570,5.0,58804.0,1397580.0
C,1789629121.0,15:12:01,robot_state_publisher,1168637,0.0,32848.0,879868.0
C,1789629121.0,15:12:01,frame_relay,1168785,1.0,77808.0,953896.0
C,1789629121.0,15:12:01,fusion,1168996,5.0,39132.0,961300.0
C,1789629122.0,15:12:02,driver,1160570,4.0,58732.0,1397580.0
C,1789629122.0,15:12:02,robot_state_publisher,1168637,0.0,32848.0,879868.0
C,1789629122.0,15:12:02,frame_relay,1168785,1.0,77808.0,953896.0
C,1789629122.0,15:12:02,fusion,1168996,6.0,39132.0,961300.0
C,1789629123.0,15:12:03,driver,1160570,5.0,58732.0,1397580.0
C,1789629123.0,15:12:03,robot_state_publisher,1168637,0.0,32848.0,879868.0
C,1789629123.0,15:12:03,frame_relay,1168785,1.0,77808.0,953896.0
C,1789629123.0,15:12:03,fusion,1168996,5.0,39132.0,961300.0
C,1789629124.0,15:12:04,driver,1160570,5.0,58732.0,1397580.0
C,1789629124.0,15:12:04,robot_state_publisher,1168637,0.0,32848.0,879868.0
C,1789629124.0,15:12:04,frame_relay,1168785,1.0,77808.0,953896.0
C,1789629124.0,15:12:04,fusion,1168996,6.0,39132.0,961300.0
C,1789629125.0,15:12:05,driver,1160570,5.0,58732.0,1397580.0
C,1789629125.0,15:12:05,robot_state_publisher,1168637,0.0,32848.0,879868.0
C,1789629125.0,15:12:05,frame_relay,1168785,1.0,77808.0,953896.0
C,1789629125.0,15:12:05,fusion,1168996,5.0,39132.0,961300.0
C,1789629126.0,15:12:06,driver,1160570,5.0,58872.0,1397580.0
C,1789629126.0,15:12:06,robot_state_publisher,1168637,0.0,32848.0,879868.0
C,1789629126.0,15:12:06,frame_relay,1168785,2.0,77808.0,953896.0
C,1789629126.0,15:12:06,fusion,1168996,7.0,39132.0,961300.0
C,1789629127.0,15:12:07,driver,1160570,5.0,58944.0,1397580.0
C,1789629127.0,15:12:07,robot_state_publisher,1168637,0.0,32848.0,879868.0
C,1789629127.0,15:12:07,frame_relay,1168785,1.0,77808.0,953896.0
C,1789629127.0,15:12:07,fusion,1168996,6.0,39132.0,961300.0
C,1789629128.0,15:12:08,driver,1160570,5.0,58788.0,1397580.0
C,1789629128.0,15:12:08,robot_state_publisher,1168637,0.0,32848.0,879868.0
C,1789629128.0,15:12:08,frame_relay,1168785,1.0,77808.0,953896.0
C,1789629128.0,15:12:08,fusion,1168996,6.0,39132.0,961300.0
C,1789629129.0,15:12:09,driver,1160570,5.0,58836.0,1397580.0
C,1789629129.0,15:12:09,robot_state_publisher,1168637,0.0,32848.0,879868.0
C,1789629129.0,15:12:09,frame_relay,1168785,2.0,77808.0,953896.0
C,1789629129.0,15:12:09,fusion,1168996,5.0,39132.0,961300.0
C,1789629130.0,15:12:10,driver,1160570,5.0,58744.0,1397580.0
C,1789629130.0,15:12:10,robot_state_publisher,1168637,0.0,32848.0,879868.0
C,1789629130.0,15:12:10,frame_relay,1168785,1.0,77808.0,953896.0
C,1789629130.0,15:12:10,fusion,1168996,5.0,39132.0,961300.0
C,1789629131.0,15:12:11,driver,1160570,4.0,58820.0,1397580.0
C,1789629131.0,15:12:11,robot_state_publisher,1168637,0.0,32848.0,879868.0
C,1789629131.0,15:12:11,frame_relay,1168785,1.0,77808.0,953896.0
C,1789629131.0,15:12:11,fusion,1168996,6.0,39132.0,961300.0
C,1789629132.0,15:12:12,driver,1160570,6.0,58608.0,1397580.0
C,1789629132.0,15:12:12,robot_state_publisher,1168637,0.0,32848.0,879868.0
C,1789629132.0,15:12:12,frame_relay,1168785,1.0,77808.0,953896.0
C,1789629132.0,15:12:12,fusion,1168996,6.0,39132.0,961300.0
C,1789629133.0,15:12:13,driver,1160570,4.0,58764.0,1397580.0
C,1789629133.0,15:12:13,robot_state_publisher,1168637,0.0,32848.0,879868.0
C,1789629133.0,15:12:13,frame_relay,1168785,1.0,77808.0,953896.0
C,1789629133.0,15:12:13,fusion,1168996,5.0,39132.0,961300.0
C,1789629134.0,15:12:14,driver,1160570,6.0,58948.0,1397580.0
C,1789629134.0,15:12:14,robot_state_publisher,1168637,0.0,32848.0,879868.0
C,1789629134.0,15:12:14,frame_relay,1168785,1.0,77808.0,953896.0
C,1789629134.0,15:12:14,fusion,1168996,6.0,39132.0,961300.0
C,1789629135.0,15:12:15,driver,1160570,4.0,58800.0,1397580.0
C,1789629135.0,15:12:15,robot_state_publisher,1168637,0.0,32848.0,879868.0
C,1789629135.0,15:12:15,frame_relay,1168785,1.0,77808.0,953896.0
C,1789629135.0,15:12:15,fusion,1168996,5.0,39132.0,961300.0
C,1789629136.0,15:12:16,driver,1160570,5.0,58832.0,1397580.0
C,1789629136.0,15:12:16,robot_state_publisher,1168637,0.0,32848.0,879868.0
C,1789629136.0,15:12:16,frame_relay,1168785,1.0,77808.0,953896.0
C,1789629136.0,15:12:16,fusion,1168996,6.0,39132.0,961300.0
C,1789629137.0,15:12:17,driver,1160570,6.0,58984.0,1397580.0
C,1789629137.0,15:12:17,robot_state_publisher,1168637,0.0,32848.0,879868.0
C,1789629137.0,15:12:17,frame_relay,1168785,1.0,77808.0,953896.0
C,1789629137.0,15:12:17,fusion,1168996,6.0,39132.0,961300.0
C,1789629138.0,15:12:18,driver,1160570,4.0,58936.0,1397580.0
C,1789629138.0,15:12:18,robot_state_publisher,1168637,0.0,32848.0,879868.0
C,1789629138.0,15:12:18,frame_relay,1168785,1.0,77808.0,953896.0
C,1789629138.0,15:12:18,fusion,1168996,5.0,39132.0,961300.0
C,1789629139.0,15:12:19,driver,1160570,6.0,58936.0,1397580.0
C,1789629139.0,15:12:19,robot_state_publisher,1168637,0.0,32848.0,879868.0
C,1789629139.0,15:12:19,frame_relay,1168785,2.0,77808.0,953896.0
C,1789629139.0,15:12:19,fusion,1168996,6.0,39132.0,961300.0
C,1789629140.0,15:12:20,driver,1160570,4.0,58864.0,1397580.0
C,1789629140.0,15:12:20,robot_state_publisher,1168637,0.0,32848.0,879868.0
C,1789629140.0,15:12:20,frame_relay,1168785,1.0,77808.0,953896.0
C,1789629140.0,15:12:20,fusion,1168996,5.0,39132.0,961300.0
C,1789629141.0,15:12:21,driver,1160570,5.0,58864.0,1397580.0
C,1789629141.0,15:12:21,robot_state_publisher,1168637,0.0,32848.0,879868.0
C,1789629141.0,15:12:21,frame_relay,1168785,2.0,77808.0,953896.0
C,1789629141.0,15:12:21,fusion,1168996,6.0,39132.0,961300.0
C,1789629142.0,15:12:22,driver,1160570,5.0,58864.0,1397580.0
C,1789629142.0,15:12:22,robot_state_publisher,1168637,0.0,32848.0,879868.0
C,1789629142.0,15:12:22,frame_relay,1168785,1.0,77808.0,953896.0
C,1789629142.0,15:12:22,fusion,1168996,6.0,39132.0,961300.0
C,1789629143.0,15:12:23,driver,1160570,5.0,58864.0,1397580.0
C,1789629143.0,15:12:23,robot_state_publisher,1168637,0.0,32848.0,879868.0
C,1789629143.0,15:12:23,frame_relay,1168785,1.0,77808.0,953896.0
C,1789629143.0,15:12:23,fusion,1168996,6.0,39132.0,961300.0
C,1789629144.0,15:12:24,driver,1160570,5.0,58864.0,1397580.0
C,1789629144.0,15:12:24,robot_state_publisher,1168637,0.0,32848.0,879868.0
C,1789629144.0,15:12:24,frame_relay,1168785,1.0,77808.0,953896.0
C,1789629144.0,15:12:24,fusion,1168996,5.0,39132.0,961300.0
C,1789629145.0,15:12:25,driver,1160570,5.0,58864.0,1397580.0
C,1789629145.0,15:12:25,robot_state_publisher,1168637,0.0,32848.0,879868.0
C,1789629145.0,15:12:25,frame_relay,1168785,1.0,77808.0,953896.0
C,1789629145.0,15:12:25,fusion,1168996,6.0,39132.0,961300.0
C,1789629146.0,15:12:26,driver,1160570,4.0,58864.0,1397580.0
C,1789629146.0,15:12:26,robot_state_publisher,1168637,0.0,32848.0,879868.0
C,1789629146.0,15:12:26,frame_relay,1168785,1.0,77808.0,953896.0
C,1789629146.0,15:12:26,fusion,1168996,5.0,39132.0,961300.0
C,1789629147.0,15:12:27,driver,1160570,4.0,58864.0,1397580.0
C,1789629147.0,15:12:27,robot_state_publisher,1168637,0.0,32848.0,879868.0
C,1789629147.0,15:12:27,frame_relay,1168785,1.0,77808.0,953896.0
C,1789629147.0,15:12:27,fusion,1168996,5.0,39132.0,961300.0
C,1789629148.0,15:12:28,driver,1160570,5.0,58864.0,1397580.0
C,1789629148.0,15:12:28,robot_state_publisher,1168637,0.0,32848.0,879868.0
C,1789629148.0,15:12:28,frame_relay,1168785,1.0,77808.0,953896.0
C,1789629148.0,15:12:28,fusion,1168996,6.0,39132.0,961300.0
C,1789629149.0,15:12:29,driver,1160570,4.0,58864.0,1397580.0
C,1789629149.0,15:12:29,robot_state_publisher,1168637,0.0,32848.0,879868.0
C,1789629149.0,15:12:29,frame_relay,1168785,1.0,77808.0,953896.0
C,1789629149.0,15:12:29,fusion,1168996,5.0,39132.0,961300.0
C,1789629150.0,15:12:30,driver,1160570,5.0,58864.0,1397580.0
C,1789629150.0,15:12:30,robot_state_publisher,1168637,0.0,32848.0,879868.0
C,1789629150.0,15:12:30,frame_relay,1168785,1.0,77808.0,953896.0
C,1789629150.0,15:12:30,fusion,1168996,5.0,39132.0,961300.0
C,1789629151.0,15:12:31,driver,1160570,4.0,58864.0,1397580.0
C,1789629151.0,15:12:31,robot_state_publisher,1168637,0.0,32848.0,879868.0
C,1789629151.0,15:12:31,frame_relay,1168785,1.0,77808.0,953896.0
C,1789629151.0,15:12:31,fusion,1168996,6.0,39132.0,961300.0
C,1789629152.0,15:12:32,driver,1160570,4.0,58864.0,1397580.0
C,1789629152.0,15:12:32,robot_state_publisher,1168637,0.0,32848.0,879868.0
C,1789629152.0,15:12:32,frame_relay,1168785,1.0,77808.0,953896.0
C,1789629152.0,15:12:32,fusion,1168996,5.0,39132.0,961300.0
C,1789629153.0,15:12:33,driver,1160570,5.0,58864.0,1397580.0
C,1789629153.0,15:12:33,robot_state_publisher,1168637,0.0,32848.0,879868.0
C,1789629153.0,15:12:33,frame_relay,1168785,1.0,77808.0,953896.0
C,1789629153.0,15:12:33,fusion,1168996,6.0,39132.0,961300.0
C,1789629154.0,15:12:34,driver,1160570,5.0,58756.0,1397580.0
C,1789629154.0,15:12:34,robot_state_publisher,1168637,0.0,32848.0,879868.0
C,1789629154.0,15:12:34,frame_relay,1168785,1.0,77808.0,953896.0
C,1789629154.0,15:12:34,fusion,1168996,6.0,39132.0,961300.0
C,1789629155.0,15:12:35,driver,1160570,5.0,58756.0,1397580.0
C,1789629155.0,15:12:35,robot_state_publisher,1168637,0.0,32848.0,879868.0
C,1789629155.0,15:12:35,frame_relay,1168785,2.0,77808.0,953896.0
C,1789629155.0,15:12:35,fusion,1168996,6.0,39132.0,961300.0
C,1789629156.0,15:12:36,driver,1160570,6.0,58756.0,1397580.0
C,1789629156.0,15:12:36,robot_state_publisher,1168637,0.0,32848.0,879868.0
C,1789629156.0,15:12:36,frame_relay,1168785,1.0,77808.0,953896.0
C,1789629156.0,15:12:36,fusion,1168996,5.0,39132.0,961300.0
C,1789629157.0,15:12:37,driver,1160570,4.0,58780.0,1397580.0
C,1789629157.0,15:12:37,robot_state_publisher,1168637,0.0,32848.0,879868.0
C,1789629157.0,15:12:37,frame_relay,1168785,1.0,77808.0,953896.0
C,1789629157.0,15:12:37,fusion,1168996,5.0,39132.0,961300.0
C,1789629158.0,15:12:38,driver,1160570,6.0,58780.0,1397580.0
C,1789629158.0,15:12:38,robot_state_publisher,1168637,0.0,32848.0,879868.0
C,1789629158.0,15:12:38,frame_relay,1168785,1.0,77808.0,953896.0
C,1789629158.0,15:12:38,fusion,1168996,6.0,39132.0,961300.0
C,1789629159.0,15:12:39,driver,1160570,5.0,58780.0,1397580.0
C,1789629159.0,15:12:39,robot_state_publisher,1168637,0.0,32848.0,879868.0
C,1789629159.0,15:12:39,frame_relay,1168785,1.0,77808.0,953896.0
C,1789629159.0,15:12:39,fusion,1168996,5.0,39132.0,961300.0
C,1789629160.0,15:12:40,driver,1160570,5.0,58780.0,1397580.0
C,1789629160.0,15:12:40,robot_state_publisher,1168637,0.0,32848.0,879868.0
C,1789629160.0,15:12:40,frame_relay,1168785,1.0,77808.0,953896.0
C,1789629160.0,15:12:40,fusion,1168996,6.0,39132.0,961300.0
C,1789629161.0,15:12:41,driver,1160570,5.0,59048.0,1397580.0
C,1789629161.0,15:12:41,robot_state_publisher,1168637,0.0,32848.0,879868.0
C,1789629161.0,15:12:41,frame_relay,1168785,1.0,77808.0,953896.0
C,1789629161.0,15:12:41,fusion,1168996,6.0,39132.0,961300.0
C,1789629162.0,15:12:42,driver,1160570,5.0,58820.0,1397580.0
C,1789629162.0,15:12:42,robot_state_publisher,1168637,0.0,32848.0,879868.0
C,1789629162.0,15:12:42,frame_relay,1168785,1.0,77808.0,953896.0
C,1789629162.0,15:12:42,fusion,1168996,5.0,39132.0,961300.0
C,1789629163.0,15:12:43,driver,1160570,5.0,58704.0,1397580.0
C,1789629163.0,15:12:43,robot_state_publisher,1168637,0.0,32848.0,879868.0
C,1789629163.0,15:12:43,frame_relay,1168785,2.0,77808.0,953896.0
C,1789629163.0,15:12:43,fusion,1168996,6.0,39132.0,961300.0
C,1789629164.0,15:12:44,driver,1160570,5.0,58704.0,1397580.0
C,1789629164.0,15:12:44,robot_state_publisher,1168637,0.0,32848.0,879868.0
C,1789629164.0,15:12:44,frame_relay,1168785,1.0,77808.0,953896.0
C,1789629164.0,15:12:44,fusion,1168996,5.0,39132.0,961300.0
C,1789629165.0,15:12:45,driver,1160570,5.0,58704.0,1397580.0
C,1789629165.0,15:12:45,robot_state_publisher,1168637,0.0,32848.0,879868.0
C,1789629165.0,15:12:45,frame_relay,1168785,1.0,77808.0,953896.0
C,1789629165.0,15:12:45,fusion,1168996,6.0,39132.0,961300.0
C,1789629166.0,15:12:46,driver,1160570,5.0,58704.0,1397580.0
C,1789629166.0,15:12:46,robot_state_publisher,1168637,0.0,32848.0,879868.0
C,1789629166.0,15:12:46,frame_relay,1168785,1.0,77808.0,953896.0
C,1789629166.0,15:12:46,fusion,1168996,5.0,39132.0,961300.0
C,1789629167.0,15:12:47,driver,1160570,5.0,58704.0,1397580.0
C,1789629167.0,15:12:47,robot_state_publisher,1168637,0.0,32848.0,879868.0
C,1789629167.0,15:12:47,frame_relay,1168785,2.0,77808.0,953896.0
C,1789629167.0,15:12:47,fusion,1168996,6.0,39132.0,961300.0
C,1789629168.0,15:12:48,driver,1160570,5.0,58672.0,1397580.0
C,1789629168.0,15:12:48,robot_state_publisher,1168637,0.0,32848.0,879868.0
C,1789629168.0,15:12:48,frame_relay,1168785,1.0,77808.0,953896.0
C,1789629168.0,15:12:48,fusion,1168996,5.0,39132.0,961300.0
C,1789629169.0,15:12:49,driver,1160570,5.0,58672.0,1397580.0
C,1789629169.0,15:12:49,robot_state_publisher,1168637,0.0,32848.0,879868.0
C,1789629169.0,15:12:49,frame_relay,1168785,1.0,77808.0,953896.0
C,1789629169.0,15:12:49,fusion,1168996,6.0,39132.0,961300.0
C,1789629170.0,15:12:50,driver,1160570,4.0,58560.0,1397580.0
C,1789629170.0,15:12:50,robot_state_publisher,1168637,0.0,32848.0,879868.0
C,1789629170.0,15:12:50,frame_relay,1168785,1.0,77808.0,953896.0
C,1789629170.0,15:12:50,fusion,1168996,5.0,39132.0,961300.0
C,1789629171.0,15:12:51,driver,1160570,5.0,58560.0,1397580.0
C,1789629171.0,15:12:51,robot_state_publisher,1168637,0.0,32848.0,879868.0
C,1789629171.0,15:12:51,frame_relay,1168785,1.0,77808.0,953896.0
C,1789629171.0,15:12:51,fusion,1168996,6.0,39132.0,961300.0
C,1789629172.0,15:12:52,driver,1160570,4.0,58632.0,1397580.0
C,1789629172.0,15:12:52,robot_state_publisher,1168637,0.0,32848.0,879868.0
C,1789629172.0,15:12:52,frame_relay,1168785,1.0,77808.0,953896.0
C,1789629172.0,15:12:52,fusion,1168996,6.0,39132.0,961300.0
C,1789629173.0,15:12:53,driver,1160570,7.0,58728.0,1397580.0
C,1789629173.0,15:12:53,robot_state_publisher,1168637,0.0,32848.0,879868.0
C,1789629173.0,15:12:53,frame_relay,1168785,1.0,77808.0,953896.0
C,1789629173.0,15:12:53,fusion,1168996,6.0,39132.0,961300.0
C,1789629174.0,15:12:54,driver,1160570,6.0,59024.0,1397580.0
C,1789629174.0,15:12:54,robot_state_publisher,1168637,0.0,32848.0,879868.0
C,1789629174.0,15:12:54,frame_relay,1168785,1.0,77808.0,953896.0
C,1789629174.0,15:12:54,fusion,1168996,6.0,39132.0,961300.0
C,1789629175.0,15:12:55,driver,1160570,5.0,59136.0,1397580.0
C,1789629175.0,15:12:55,robot_state_publisher,1168637,0.0,32848.0,879868.0
C,1789629175.0,15:12:55,frame_relay,1168785,1.0,77808.0,953896.0
C,1789629175.0,15:12:55,fusion,1168996,5.0,39132.0,961300.0
C,1789629176.0,15:12:56,driver,1160570,5.0,58996.0,1397580.0
C,1789629176.0,15:12:56,robot_state_publisher,1168637,0.0,32848.0,879868.0
C,1789629176.0,15:12:56,frame_relay,1168785,1.0,77808.0,953896.0
C,1789629176.0,15:12:56,fusion,1168996,5.0,39132.0,961300.0
C,1789629177.0,15:12:57,driver,1160570,5.0,59108.0,1397580.0
C,1789629177.0,15:12:57,robot_state_publisher,1168637,0.0,32848.0,879868.0
C,1789629177.0,15:12:57,frame_relay,1168785,1.0,77808.0,953896.0
C,1789629177.0,15:12:57,fusion,1168996,6.0,39132.0,961300.0
C,1789629178.0,15:12:58,driver,1160570,4.0,59108.0,1397580.0
C,1789629178.0,15:12:58,robot_state_publisher,1168637,0.0,32848.0,879868.0
C,1789629178.0,15:12:58,frame_relay,1168785,1.0,77808.0,953896.0
C,1789629178.0,15:12:58,fusion,1168996,5.0,39132.0,961300.0
C,1789629179.0,15:12:59,driver,1160570,5.0,59108.0,1397580.0
C,1789629179.0,15:12:59,robot_state_publisher,1168637,0.0,32848.0,879868.0
C,1789629179.0,15:12:59,frame_relay,1168785,1.0,77808.0,953896.0
C,1789629179.0,15:12:59,fusion,1168996,6.0,39132.0,961300.0
C,1789629180.0,15:13:00,driver,1160570,5.0,59108.0,1397580.0
C,1789629180.0,15:13:00,robot_state_publisher,1168637,0.0,32848.0,879868.0
C,1789629180.0,15:13:00,frame_relay,1168785,2.0,77808.0,953896.0
C,1789629180.0,15:13:00,fusion,1168996,6.0,39132.0,961300.0
C,1789629181.0,15:13:01,driver,1160570,5.0,59108.0,1397580.0
C,1789629181.0,15:13:01,robot_state_publisher,1168637,0.0,32848.0,879868.0
C,1789629181.0,15:13:01,frame_relay,1168785,1.0,77808.0,953896.0
C,1789629181.0,15:13:01,fusion,1168996,5.0,39132.0,961300.0
C,1789629182.0,15:13:02,driver,1160570,5.0,59108.0,1397580.0
C,1789629182.0,15:13:02,robot_state_publisher,1168637,0.0,32848.0,879868.0
C,1789629182.0,15:13:02,frame_relay,1168785,1.0,77808.0,953896.0
C,1789629182.0,15:13:02,fusion,1168996,6.0,39132.0,961300.0
C,1789629183.0,15:13:03,driver,1160570,5.0,59108.0,1397580.0
C,1789629183.0,15:13:03,robot_state_publisher,1168637,0.0,32848.0,879868.0
C,1789629183.0,15:13:03,frame_relay,1168785,1.0,77808.0,953896.0
C,1789629183.0,15:13:03,fusion,1168996,5.0,39132.0,961300.0
C,1789629184.0,15:13:04,driver,1160570,4.0,59108.0,1397580.0
C,1789629184.0,15:13:04,robot_state_publisher,1168637,0.0,32848.0,879868.0
C,1789629184.0,15:13:04,frame_relay,1168785,1.0,77808.0,953896.0
C,1789629184.0,15:13:04,fusion,1168996,5.0,39132.0,961300.0
C,1789629185.0,15:13:05,driver,1160570,5.0,59108.0,1397580.0
C,1789629185.0,15:13:05,robot_state_publisher,1168637,0.0,32848.0,879868.0
C,1789629185.0,15:13:05,frame_relay,1168785,1.0,77808.0,953896.0
C,1789629185.0,15:13:05,fusion,1168996,6.0,39132.0,961300.0
C,1789629186.0,15:13:06,driver,1160570,4.0,59108.0,1397580.0
C,1789629186.0,15:13:06,robot_state_publisher,1168637,0.0,32848.0,879868.0
C,1789629186.0,15:13:06,frame_relay,1168785,1.0,77808.0,953896.0
C,1789629186.0,15:13:06,fusion,1168996,6.0,39132.0,961300.0
C,1789629187.0,15:13:07,driver,1160570,6.0,59160.0,1397580.0
C,1789629187.0,15:13:07,robot_state_publisher,1168637,0.0,32848.0,879868.0
C,1789629187.0,15:13:07,frame_relay,1168785,1.0,77808.0,953896.0
C,1789629187.0,15:13:07,fusion,1168996,5.0,39132.0,961300.0
C,1789629188.0,15:13:08,driver,1160570,3.0,59004.0,1397580.0
C,1789629188.0,15:13:08,robot_state_publisher,1168637,0.0,32848.0,879868.0
C,1789629188.0,15:13:08,frame_relay,1168785,1.0,77808.0,953896.0
C,1789629188.0,15:13:08,fusion,1168996,6.0,39132.0,961300.0
C,1789629189.0,15:13:09,driver,1160570,5.0,59004.0,1397580.0
C,1789629189.0,15:13:09,robot_state_publisher,1168637,0.0,32848.0,879868.0
C,1789629189.0,15:13:09,frame_relay,1168785,1.0,77808.0,953896.0
C,1789629189.0,15:13:09,fusion,1168996,6.0,39132.0,961300.0
C,1789629190.0,15:13:10,driver,1160570,5.0,58856.0,1397580.0
C,1789629190.0,15:13:10,robot_state_publisher,1168637,0.0,32848.0,879868.0
C,1789629190.0,15:13:10,frame_relay,1168785,1.0,77808.0,953896.0
C,1789629190.0,15:13:10,fusion,1168996,5.0,39132.0,961300.0
C,1789629191.0,15:13:11,driver,1160570,5.0,58856.0,1397580.0
C,1789629191.0,15:13:11,robot_state_publisher,1168637,0.0,32848.0,879868.0
C,1789629191.0,15:13:11,frame_relay,1168785,1.0,77808.0,953896.0
C,1789629191.0,15:13:11,fusion,1168996,5.0,39132.0,961300.0
C,1789629192.0,15:13:12,driver,1160570,5.0,58692.0,1397580.0
C,1789629192.0,15:13:12,robot_state_publisher,1168637,0.0,32848.0,879868.0
C,1789629192.0,15:13:12,frame_relay,1168785,1.0,77808.0,953896.0
C,1789629192.0,15:13:12,fusion,1168996,7.0,39132.0,961300.0
C,1789629193.0,15:13:13,driver,1160570,5.0,58692.0,1397580.0
C,1789629193.0,15:13:13,robot_state_publisher,1168637,0.0,32848.0,879868.0
C,1789629193.0,15:13:13,frame_relay,1168785,1.0,77808.0,953896.0
C,1789629193.0,15:13:13,fusion,1168996,5.0,39132.0,961300.0
C,1789629194.0,15:13:14,driver,1160570,5.0,59056.0,1397580.0
C,1789629194.0,15:13:14,robot_state_publisher,1168637,0.0,32848.0,879868.0
C,1789629194.0,15:13:14,frame_relay,1168785,1.0,77808.0,953896.0
C,1789629194.0,15:13:14,fusion,1168996,6.0,39132.0,961300.0
C,1789629195.0,15:13:15,driver,1160570,5.0,59056.0,1397580.0
C,1789629195.0,15:13:15,robot_state_publisher,1168637,0.0,32848.0,879868.0
C,1789629195.0,15:13:15,frame_relay,1168785,1.0,77808.0,953896.0
C,1789629195.0,15:13:15,fusion,1168996,5.0,39132.0,961300.0
C,1789629196.0,15:13:16,driver,1160570,4.0,59056.0,1397580.0
C,1789629196.0,15:13:16,robot_state_publisher,1168637,0.0,32848.0,879868.0
C,1789629196.0,15:13:16,frame_relay,1168785,1.0,77808.0,953896.0
C,1789629196.0,15:13:16,fusion,1168996,6.0,39132.0,961300.0
C,1789629197.0,15:13:17,driver,1160570,6.0,59056.0,1397580.0
C,1789629197.0,15:13:17,robot_state_publisher,1168637,0.0,32848.0,879868.0
C,1789629197.0,15:13:17,frame_relay,1168785,1.0,77808.0,953896.0
C,1789629197.0,15:13:17,fusion,1168996,6.0,39132.0,961300.0
C,1789629198.0,15:13:18,driver,1160570,5.0,59016.0,1397580.0
C,1789629198.0,15:13:18,robot_state_publisher,1168637,0.0,32848.0,879868.0
C,1789629198.0,15:13:18,frame_relay,1168785,2.0,77808.0,953896.0
C,1789629198.0,15:13:18,fusion,1168996,5.0,39132.0,961300.0
C,1789629199.0,15:13:19,driver,1160570,5.0,59220.0,1397580.0
C,1789629199.0,15:13:19,robot_state_publisher,1168637,0.0,32848.0,879868.0
C,1789629199.0,15:13:19,frame_relay,1168785,1.0,77808.0,953896.0
C,1789629199.0,15:13:19,fusion,1168996,6.0,39132.0,961300.0
C,1789629200.0,15:13:20,driver,1160570,4.0,59220.0,1397580.0
C,1789629200.0,15:13:20,robot_state_publisher,1168637,0.0,32848.0,879868.0
C,1789629200.0,15:13:20,frame_relay,1168785,1.0,77808.0,953896.0
C,1789629200.0,15:13:20,fusion,1168996,5.0,39132.0,961300.0
C,1789629201.0,15:13:21,driver,1160570,5.0,58972.0,1397580.0
C,1789629201.0,15:13:21,robot_state_publisher,1168637,0.0,32848.0,879868.0
C,1789629201.0,15:13:21,frame_relay,1168785,1.0,77808.0,953896.0
C,1789629201.0,15:13:21,fusion,1168996,6.0,39132.0,961300.0
C,1789629202.0,15:13:22,driver,1160570,4.0,58812.0,1397580.0
C,1789629202.0,15:13:22,robot_state_publisher,1168637,2.0,32848.0,879868.0
C,1789629202.0,15:13:22,frame_relay,1168785,1.0,77808.0,953896.0
C,1789629202.0,15:13:22,fusion,1168996,6.0,39132.0,961300.0
C,1789629203.0,15:13:23,driver,1160570,6.0,58812.0,1397580.0
C,1789629203.0,15:13:23,robot_state_publisher,1168637,0.0,32848.0,879868.0
C,1789629203.0,15:13:23,frame_relay,1168785,1.0,77808.0,953896.0
C,1789629203.0,15:13:23,fusion,1168996,5.0,39132.0,961300.0
C,1789629204.0,15:13:24,driver,1160570,4.0,58812.0,1397580.0
C,1789629204.0,15:13:24,robot_state_publisher,1168637,0.0,32848.0,879868.0
C,1789629204.0,15:13:24,frame_relay,1168785,1.0,77808.0,953896.0
C,1789629204.0,15:13:24,fusion,1168996,6.0,39132.0,961300.0
C,1789629205.0,15:13:25,driver,1160570,5.0,58492.0,1397580.0
C,1789629205.0,15:13:25,robot_state_publisher,1168637,0.0,32848.0,879868.0
C,1789629205.0,15:13:25,frame_relay,1168785,1.0,77808.0,953896.0
C,1789629205.0,15:13:25,fusion,1168996,5.0,39132.0,961300.0
C,1789629206.0,15:13:26,driver,1160570,4.0,58648.0,1397580.0
C,1789629206.0,15:13:26,robot_state_publisher,1168637,0.0,32848.0,879868.0
C,1789629206.0,15:13:26,frame_relay,1168785,1.0,77808.0,953896.0
C,1789629206.0,15:13:26,fusion,1168996,6.0,39132.0,961300.0
C,1789629207.0,15:13:27,driver,1160570,6.0,58648.0,1397580.0
C,1789629207.0,15:13:27,robot_state_publisher,1168637,0.0,32848.0,879868.0
C,1789629207.0,15:13:27,frame_relay,1168785,1.0,77808.0,953896.0
C,1789629207.0,15:13:27,fusion,1168996,5.0,39132.0,961300.0
C,1789629208.0,15:13:28,driver,1160570,4.0,58648.0,1397580.0
C,1789629208.0,15:13:28,robot_state_publisher,1168637,0.0,32848.0,879868.0
C,1789629208.0,15:13:28,frame_relay,1168785,1.0,77808.0,953896.0
C,1789629208.0,15:13:28,fusion,1168996,6.0,39132.0,961300.0
C,1789629209.0,15:13:29,driver,1160570,5.0,58648.0,1397580.0
C,1789629209.0,15:13:29,robot_state_publisher,1168637,0.0,32848.0,879868.0
C,1789629209.0,15:13:29,frame_relay,1168785,1.0,77808.0,953896.0
C,1789629209.0,15:13:29,fusion,1168996,5.0,39132.0,961300.0
C,1789629210.0,15:13:30,driver,1160570,5.0,58648.0,1397580.0
C,1789629210.0,15:13:30,robot_state_publisher,1168637,0.0,32848.0,879868.0
C,1789629210.0,15:13:30,frame_relay,1168785,1.0,77808.0,953896.0
C,1789629210.0,15:13:30,fusion,1168996,6.0,39132.0,961300.0
C,1789629211.0,15:13:31,driver,1160570,4.0,58648.0,1397580.0
C,1789629211.0,15:13:31,robot_state_publisher,1168637,0.0,32848.0,879868.0
C,1789629211.0,15:13:31,frame_relay,1168785,1.0,77808.0,953896.0
C,1789629211.0,15:13:31,fusion,1168996,5.0,39132.0,961300.0
C,1789629212.0,15:13:32,driver,1160570,5.0,58648.0,1397580.0
C,1789629212.0,15:13:32,robot_state_publisher,1168637,0.0,32848.0,879868.0
C,1789629212.0,15:13:32,frame_relay,1168785,1.0,77808.0,953896.0
C,1789629212.0,15:13:32,fusion,1168996,6.0,39132.0,961300.0
C,1789629213.0,15:13:33,driver,1160570,5.0,58648.0,1397580.0
C,1789629213.0,15:13:33,robot_state_publisher,1168637,0.0,32848.0,879868.0
C,1789629213.0,15:13:33,frame_relay,1168785,1.0,77808.0,953896.0
C,1789629213.0,15:13:33,fusion,1168996,6.0,39132.0,961300.0
C,1789629214.0,15:13:34,driver,1160570,5.0,58648.0,1397580.0
C,1789629214.0,15:13:34,robot_state_publisher,1168637,0.0,32848.0,879868.0
C,1789629214.0,15:13:34,frame_relay,1168785,1.0,77808.0,953896.0
C,1789629214.0,15:13:34,fusion,1168996,6.0,39132.0,961300.0
C,1789629215.0,15:13:35,driver,1160570,5.0,58740.0,1397580.0
C,1789629215.0,15:13:35,robot_state_publisher,1168637,0.0,32848.0,879868.0
C,1789629215.0,15:13:35,frame_relay,1168785,3.0,77808.0,953896.0
C,1789629215.0,15:13:35,fusion,1168996,5.0,39132.0,961300.0
C,1789629216.0,15:13:36,driver,1160570,5.0,58740.0,1397580.0
C,1789629216.0,15:13:36,robot_state_publisher,1168637,0.0,32848.0,879868.0
C,1789629216.0,15:13:36,frame_relay,1168785,1.0,77808.0,953896.0
C,1789629216.0,15:13:36,fusion,1168996,5.0,39132.0,961300.0
C,1789629217.0,15:13:37,driver,1160570,5.0,58740.0,1397580.0
C,1789629217.0,15:13:37,robot_state_publisher,1168637,0.0,32848.0,879868.0
C,1789629217.0,15:13:37,frame_relay,1168785,1.0,77808.0,953896.0
C,1789629217.0,15:13:37,fusion,1168996,6.0,39132.0,961300.0
C,1789629218.0,15:13:38,driver,1160570,6.0,58880.0,1397580.0
C,1789629218.0,15:13:38,robot_state_publisher,1168637,0.0,32848.0,879868.0
C,1789629218.0,15:13:38,frame_relay,1168785,2.0,77808.0,953896.0
C,1789629218.0,15:13:38,fusion,1168996,5.0,39132.0,961300.0
C,1789629219.0,15:13:39,driver,1160570,5.0,58696.0,1397580.0
C,1789629219.0,15:13:39,robot_state_publisher,1168637,0.0,32848.0,879868.0
C,1789629219.0,15:13:39,frame_relay,1168785,1.0,77808.0,953896.0
C,1789629219.0,15:13:39,fusion,1168996,6.0,39132.0,961300.0
C,1789629220.0,15:13:40,driver,1160570,5.0,58860.0,1397580.0
C,1789629220.0,15:13:40,robot_state_publisher,1168637,0.0,32848.0,879868.0
C,1789629220.0,15:13:40,frame_relay,1168785,1.0,77808.0,953896.0
C,1789629220.0,15:13:40,fusion,1168996,5.0,39132.0,961300.0
C,1789629221.0,15:13:41,driver,1160570,4.0,58860.0,1397580.0
C,1789629221.0,15:13:41,robot_state_publisher,1168637,0.0,32848.0,879868.0
C,1789629221.0,15:13:41,frame_relay,1168785,1.0,77808.0,953896.0
C,1789629221.0,15:13:41,fusion,1168996,6.0,39132.0,961300.0
C,1789629222.0,15:13:42,driver,1160570,5.0,58860.0,1397580.0
C,1789629222.0,15:13:42,robot_state_publisher,1168637,0.0,32848.0,879868.0
C,1789629222.0,15:13:42,frame_relay,1168785,1.0,77808.0,953896.0
C,1789629222.0,15:13:42,fusion,1168996,5.0,39132.0,961300.0
C,1789629223.0,15:13:43,driver,1160570,6.0,58860.0,1397580.0
C,1789629223.0,15:13:43,robot_state_publisher,1168637,0.0,32848.0,879868.0
C,1789629223.0,15:13:43,frame_relay,1168785,1.0,77808.0,953896.0
C,1789629223.0,15:13:43,fusion,1168996,6.0,39132.0,961300.0
C,1789629224.0,15:13:44,driver,1160570,4.0,58696.0,1397580.0
C,1789629224.0,15:13:44,robot_state_publisher,1168637,0.0,32848.0,879868.0
C,1789629224.0,15:13:44,frame_relay,1168785,1.0,77808.0,953896.0
C,1789629224.0,15:13:44,fusion,1168996,6.0,39132.0,961300.0
C,1789629225.0,15:13:45,driver,1160570,5.0,58696.0,1397580.0
C,1789629225.0,15:13:45,robot_state_publisher,1168637,0.0,32848.0,879868.0
C,1789629225.0,15:13:45,frame_relay,1168785,1.0,77808.0,953896.0
C,1789629225.0,15:13:45,fusion,1168996,5.0,39132.0,961300.0
C,1789629226.0,15:13:46,driver,1160570,5.0,58696.0,1397580.0
C,1789629226.0,15:13:46,robot_state_publisher,1168637,0.0,32848.0,879868.0
C,1789629226.0,15:13:46,frame_relay,1168785,1.0,77808.0,953896.0
C,1789629226.0,15:13:46,fusion,1168996,5.0,39132.0,961300.0
C,1789629227.0,15:13:47,driver,1160570,5.0,58696.0,1397580.0
C,1789629227.0,15:13:47,robot_state_publisher,1168637,0.0,32848.0,879868.0
C,1789629227.0,15:13:47,frame_relay,1168785,1.0,77808.0,953896.0
C,1789629227.0,15:13:47,fusion,1168996,6.0,39132.0,961300.0
C,1789629228.0,15:13:48,driver,1160570,5.0,58524.0,1397580.0
C,1789629228.0,15:13:48,robot_state_publisher,1168637,0.0,32848.0,879868.0
C,1789629228.0,15:13:48,frame_relay,1168785,1.0,77808.0,953896.0
C,1789629228.0,15:13:48,fusion,1168996,5.0,39132.0,961300.0
C,1789629229.0,15:13:49,driver,1160570,6.0,58524.0,1397580.0
C,1789629229.0,15:13:49,robot_state_publisher,1168637,0.0,32848.0,879868.0
C,1789629229.0,15:13:49,frame_relay,1168785,1.0,77808.0,953896.0
C,1789629229.0,15:13:49,fusion,1168996,6.0,39132.0,961300.0
C,1789629230.0,15:13:50,driver,1160570,5.0,58532.0,1397580.0
C,1789629230.0,15:13:50,robot_state_publisher,1168637,0.0,32848.0,879868.0
C,1789629230.0,15:13:50,frame_relay,1168785,1.0,77808.0,953896.0
C,1789629230.0,15:13:50,fusion,1168996,5.0,39132.0,961300.0
C,1789629231.0,15:13:51,driver,1160570,4.0,58532.0,1397580.0
C,1789629231.0,15:13:51,robot_state_publisher,1168637,0.0,32848.0,879868.0
C,1789629231.0,15:13:51,frame_relay,1168785,1.0,77808.0,953896.0
C,1789629231.0,15:13:51,fusion,1168996,6.0,39132.0,961300.0
C,1789629232.0,15:13:52,driver,1160570,5.0,58280.0,1397580.0
C,1789629232.0,15:13:52,robot_state_publisher,1168637,0.0,32848.0,879868.0
C,1789629232.0,15:13:52,frame_relay,1168785,1.0,77808.0,953896.0
C,1789629232.0,15:13:52,fusion,1168996,5.0,39132.0,961300.0
C,1789629233.0,15:13:53,driver,1160570,7.0,58456.0,1397580.0
C,1789629233.0,15:13:53,robot_state_publisher,1168637,0.0,32848.0,879868.0
C,1789629233.0,15:13:53,frame_relay,1168785,2.0,77808.0,953896.0
C,1789629233.0,15:13:53,fusion,1168996,6.0,39132.0,961300.0
C,1789629234.0,15:13:54,driver,1160570,5.0,58376.0,1397580.0
C,1789629234.0,15:13:54,robot_state_publisher,1168637,0.0,32848.0,879868.0
C,1789629234.0,15:13:54,frame_relay,1168785,1.0,77808.0,953896.0
C,1789629234.0,15:13:54,fusion,1168996,6.0,39132.0,961300.0
C,1789629235.0,15:13:55,driver,1160570,5.0,58376.0,1397580.0
C,1789629235.0,15:13:55,robot_state_publisher,1168637,0.0,32848.0,879868.0
C,1789629235.0,15:13:55,frame_relay,1168785,1.0,77808.0,953896.0
C,1789629235.0,15:13:55,fusion,1168996,6.0,39132.0,961300.0
C,1789629236.0,15:13:56,driver,1160570,7.0,58376.0,1397580.0
C,1789629236.0,15:13:56,robot_state_publisher,1168637,0.0,32848.0,879868.0
C,1789629236.0,15:13:56,frame_relay,1168785,1.0,77808.0,953896.0
C,1789629236.0,15:13:56,fusion,1168996,6.0,39132.0,961300.0
C,1789629237.0,15:13:57,driver,1160570,5.0,58376.0,1397580.0
C,1789629237.0,15:13:57,robot_state_publisher,1168637,0.0,32848.0,879868.0
C,1789629237.0,15:13:57,frame_relay,1168785,1.0,77808.0,953896.0
C,1789629237.0,15:13:57,fusion,1168996,5.0,39132.0,961300.0
C,1789629238.0,15:13:58,driver,1160570,6.0,58376.0,1397580.0
C,1789629238.0,15:13:58,robot_state_publisher,1168637,0.0,32848.0,879868.0
C,1789629238.0,15:13:58,frame_relay,1168785,1.0,77808.0,953896.0
C,1789629238.0,15:13:58,fusion,1168996,6.0,39132.0,961300.0
C,1789629239.0,15:13:59,driver,1160570,4.0,58376.0,1397580.0
C,1789629239.0,15:13:59,robot_state_publisher,1168637,0.0,32848.0,879868.0
C,1789629239.0,15:13:59,frame_relay,1168785,1.0,77808.0,953896.0
C,1789629239.0,15:13:59,fusion,1168996,5.0,39132.0,961300.0
C,1789629240.0,15:14:00,driver,1160570,5.0,58376.0,1397580.0
C,1789629240.0,15:14:00,robot_state_publisher,1168637,0.0,32848.0,879868.0
C,1789629240.0,15:14:00,frame_relay,1168785,1.0,77808.0,953896.0
C,1789629240.0,15:14:00,fusion,1168996,6.0,39132.0,961300.0
C,1789629241.0,15:14:01,driver,1160570,6.0,58272.0,1397580.0
C,1789629241.0,15:14:01,robot_state_publisher,1168637,0.0,32848.0,879868.0
C,1789629241.0,15:14:01,frame_relay,1168785,1.0,77808.0,953896.0
C,1789629241.0,15:14:01,fusion,1168996,5.0,39132.0,961300.0
C,1789629242.0,15:14:02,driver,1160570,4.0,58276.0,1397580.0
C,1789629242.0,15:14:02,robot_state_publisher,1168637,0.0,32848.0,879868.0
C,1789629242.0,15:14:02,frame_relay,1168785,1.0,77808.0,953896.0
C,1789629242.0,15:14:02,fusion,1168996,5.0,39324.0,961644.0
C,1789629243.0,15:14:03,driver,1160570,5.0,58276.0,1397580.0
C,1789629243.0,15:14:03,robot_state_publisher,1168637,0.0,32848.0,879868.0
C,1789629243.0,15:14:03,frame_relay,1168785,1.0,77808.0,953896.0
C,1789629243.0,15:14:03,fusion,1168996,5.0,38644.0,960696.0
C,1789629244.0,15:14:04,driver,1160570,5.0,58324.0,1397580.0
C,1789629244.0,15:14:04,robot_state_publisher,1168637,0.0,32848.0,879868.0
C,1789629244.0,15:14:04,frame_relay,1168785,1.0,77808.0,953896.0
C,1789629244.0,15:14:04,fusion,1168996,7.0,38544.0,960696.0
C,1789629245.0,15:14:05,driver,1160570,6.0,58300.0,1397580.0
C,1789629245.0,15:14:05,robot_state_publisher,1168637,0.0,32848.0,879868.0
C,1789629245.0,15:14:05,frame_relay,1168785,1.0,77808.0,953896.0
C,1789629245.0,15:14:05,fusion,1168996,6.0,38544.0,960696.0
C,1789629246.0,15:14:06,driver,1160570,5.0,58300.0,1397580.0
C,1789629246.0,15:14:06,robot_state_publisher,1168637,0.0,32848.0,879868.0
C,1789629246.0,15:14:06,frame_relay,1168785,1.0,77808.0,953896.0
C,1789629246.0,15:14:06,fusion,1168996,5.0,38628.0,960696.0
C,1789629247.0,15:14:07,driver,1160570,5.0,58492.0,1397580.0
C,1789629247.0,15:14:07,robot_state_publisher,1168637,0.0,32848.0,879868.0
C,1789629247.0,15:14:07,frame_relay,1168785,1.0,77808.0,953896.0
C,1789629247.0,15:14:07,fusion,1168996,6.0,38628.0,960696.0
C,1789629248.0,15:14:08,driver,1160570,6.0,58492.0,1397580.0
C,1789629248.0,15:14:08,robot_state_publisher,1168637,0.0,32848.0,879868.0
C,1789629248.0,15:14:08,frame_relay,1168785,2.0,77808.0,953896.0
C,1789629248.0,15:14:08,fusion,1168996,6.0,39136.0,961204.0
C,1789629249.0,15:14:09,driver,1160570,6.0,58492.0,1397580.0
C,1789629249.0,15:14:09,robot_state_publisher,1168637,0.0,32848.0,879868.0
C,1789629249.0,15:14:09,frame_relay,1168785,1.0,77808.0,953896.0
C,1789629249.0,15:14:09,fusion,1168996,6.0,39108.0,961200.0
C,1789629250.0,15:14:10,driver,1160570,5.0,58348.0,1397580.0
C,1789629250.0,15:14:10,robot_state_publisher,1168637,0.0,32848.0,879868.0
C,1789629250.0,15:14:10,frame_relay,1168785,1.0,77808.0,953896.0
C,1789629250.0,15:14:10,fusion,1168996,5.0,38944.0,961076.0
C,1789629251.0,15:14:11,driver,1160570,3.0,58348.0,1397580.0
C,1789629251.0,15:14:11,robot_state_publisher,1168637,0.0,32848.0,879868.0
C,1789629251.0,15:14:11,frame_relay,1168785,1.0,77808.0,953896.0
C,1789629251.0,15:14:11,fusion,1168996,6.0,38920.0,961076.0
C,1789629252.0,15:14:12,driver,1160570,5.0,58472.0,1397580.0
C,1789629252.0,15:14:12,robot_state_publisher,1168637,0.0,32848.0,879868.0
C,1789629252.0,15:14:12,frame_relay,1168785,1.0,77808.0,953896.0
C,1789629252.0,15:14:12,fusion,1168996,7.0,38944.0,961076.0
C,1789629253.0,15:14:13,driver,1160570,6.0,58468.0,1397580.0
C,1789629253.0,15:14:13,robot_state_publisher,1168637,0.0,32848.0,879868.0
C,1789629253.0,15:14:13,frame_relay,1168785,2.0,77808.0,953896.0
C,1789629253.0,15:14:13,fusion,1168996,5.0,38892.0,961076.0
C,1789629254.0,15:14:14,driver,1160570,4.0,58624.0,1397580.0
C,1789629254.0,15:14:14,robot_state_publisher,1168637,0.0,32848.0,879868.0
C,1789629254.0,15:14:14,frame_relay,1168785,0.0,77808.0,953896.0
C,1789629254.0,15:14:14,fusion,1168996,6.0,39192.0,961076.0
C,1789629255.0,15:14:15,driver,1160570,5.0,58624.0,1397580.0
C,1789629255.0,15:14:15,robot_state_publisher,1168637,0.0,32848.0,879868.0
C,1789629255.0,15:14:15,frame_relay,1168785,1.0,77808.0,953896.0
C,1789629255.0,15:14:15,fusion,1168996,5.0,39068.0,961076.0
C,1789629256.0,15:14:16,driver,1160570,4.0,58740.0,1397580.0
C,1789629256.0,15:14:16,robot_state_publisher,1168637,0.0,32848.0,879868.0
C,1789629256.0,15:14:16,frame_relay,1168785,1.0,77808.0,953896.0
C,1789629256.0,15:14:16,fusion,1168996,7.0,39044.0,961076.0
C,1789629257.0,15:14:17,driver,1160570,5.0,58992.0,1397580.0
C,1789629257.0,15:14:17,robot_state_publisher,1168637,0.0,32848.0,879868.0
C,1789629257.0,15:14:17,frame_relay,1168785,1.0,77808.0,953896.0
C,1789629257.0,15:14:17,fusion,1168996,6.0,39148.0,961076.0
C,1789629258.0,15:14:18,driver,1160570,6.0,58992.0,1397580.0
C,1789629258.0,15:14:18,robot_state_publisher,1168637,0.0,32848.0,879868.0
C,1789629258.0,15:14:18,frame_relay,1168785,2.0,77808.0,953896.0
C,1789629258.0,15:14:18,fusion,1168996,5.0,39172.0,961076.0
C,1789629259.0,15:14:19,driver,1160570,4.0,58992.0,1397580.0
C,1789629259.0,15:14:19,robot_state_publisher,1168637,0.0,32848.0,879868.0
C,1789629259.0,15:14:19,frame_relay,1168785,1.0,77808.0,953896.0
C,1789629259.0,15:14:19,fusion,1168996,6.0,39092.0,961076.0
C,1789629260.0,15:14:20,driver,1160570,4.0,58992.0,1397580.0
C,1789629260.0,15:14:20,robot_state_publisher,1168637,0.0,32848.0,879868.0
C,1789629260.0,15:14:20,frame_relay,1168785,1.0,77808.0,953896.0
C,1789629260.0,15:14:20,fusion,1168996,6.0,39092.0,961076.0
C,1789629261.0,15:14:21,driver,1160570,6.0,58992.0,1397580.0
C,1789629261.0,15:14:21,robot_state_publisher,1168637,0.0,32848.0,879868.0
C,1789629261.0,15:14:21,frame_relay,1168785,1.0,77808.0,953896.0
C,1789629261.0,15:14:21,fusion,1168996,6.0,39220.0,961076.0
C,1789629262.0,15:14:22,driver,1160570,5.0,59184.0,1397580.0
C,1789629262.0,15:14:22,robot_state_publisher,1168637,0.0,32848.0,879868.0
C,1789629262.0,15:14:22,frame_relay,1168785,1.0,77808.0,953896.0
C,1789629262.0,15:14:22,fusion,1168996,6.0,39664.0,961580.0
C,1789629263.0,15:14:23,driver,1160570,5.0,59184.0,1397580.0
C,1789629263.0,15:14:23,robot_state_publisher,1168637,0.0,32848.0,879868.0
C,1789629263.0,15:14:23,frame_relay,1168785,1.0,77808.0,953896.0
C,1789629263.0,15:14:23,fusion,1168996,5.0,39488.0,961584.0
C,1789629264.0,15:14:24,driver,1160570,4.0,59184.0,1397580.0
C,1789629264.0,15:14:24,robot_state_publisher,1168637,0.0,32848.0,879868.0
C,1789629264.0,15:14:24,frame_relay,1168785,1.0,77808.0,953896.0
C,1789629264.0,15:14:24,fusion,1168996,7.0,38980.0,961076.0
C,1789629265.0,15:14:25,driver,1160570,5.0,59184.0,1397580.0
C,1789629265.0,15:14:25,robot_state_publisher,1168637,0.0,32848.0,879868.0
C,1789629265.0,15:14:25,frame_relay,1168785,1.0,77808.0,953896.0
C,1789629265.0,15:14:25,fusion,1168996,6.0,38980.0,961076.0
C,1789629266.0,15:14:26,driver,1160570,5.0,59112.0,1397580.0
C,1789629266.0,15:14:26,robot_state_publisher,1168637,0.0,32848.0,879868.0
C,1789629266.0,15:14:26,frame_relay,1168785,1.0,77808.0,953896.0
C,1789629266.0,15:14:26,fusion,1168996,5.0,39488.0,961584.0
C,1789629267.0,15:14:27,driver,1160570,6.0,59112.0,1397580.0
C,1789629267.0,15:14:27,robot_state_publisher,1168637,0.0,32848.0,879868.0
C,1789629267.0,15:14:27,frame_relay,1168785,1.0,77808.0,953896.0
C,1789629267.0,15:14:27,fusion,1168996,6.0,39488.0,961584.0
C,1789629268.0,15:14:28,driver,1160570,3.0,59112.0,1397580.0
C,1789629268.0,15:14:28,robot_state_publisher,1168637,0.0,32848.0,879868.0
C,1789629268.0,15:14:28,frame_relay,1168785,1.0,77808.0,953896.0
C,1789629268.0,15:14:28,fusion,1168996,5.0,39820.0,961964.0
C,1789629269.0,15:14:29,driver,1160570,5.0,59112.0,1397580.0
C,1789629269.0,15:14:29,robot_state_publisher,1168637,0.0,32848.0,879868.0
C,1789629269.0,15:14:29,frame_relay,1168785,2.0,77808.0,953896.0
C,1789629269.0,15:14:29,fusion,1168996,7.0,39820.0,961964.0
C,1789629270.0,15:14:30,driver,1160570,5.0,59104.0,1397580.0
C,1789629270.0,15:14:30,robot_state_publisher,1168637,0.0,32848.0,879868.0
C,1789629270.0,15:14:30,frame_relay,1168785,1.0,77808.0,953896.0
C,1789629270.0,15:14:30,fusion,1168996,5.0,39820.0,961964.0
C,1789629271.0,15:14:31,driver,1160570,5.0,59104.0,1397580.0
C,1789629271.0,15:14:31,robot_state_publisher,1168637,0.0,32848.0,879868.0
C,1789629271.0,15:14:31,frame_relay,1168785,1.0,77808.0,953896.0
C,1789629271.0,15:14:31,fusion,1168996,6.0,39820.0,961964.0
C,1789629272.0,15:14:32,driver,1160570,5.0,59104.0,1397580.0
C,1789629272.0,15:14:32,robot_state_publisher,1168637,0.0,32848.0,879868.0
C,1789629272.0,15:14:32,frame_relay,1168785,1.0,77808.0,953896.0
C,1789629272.0,15:14:32,fusion,1168996,6.0,39800.0,961964.0
C,1789629273.0,15:14:33,driver,1160570,4.0,58984.0,1397580.0
C,1789629273.0,15:14:33,robot_state_publisher,1168637,0.0,32848.0,879868.0
C,1789629273.0,15:14:33,frame_relay,1168785,1.0,77808.0,953896.0
C,1789629273.0,15:14:33,fusion,1168996,6.0,39632.0,961964.0
C,1789629274.0,15:14:34,driver,1160570,5.0,58984.0,1397580.0
C,1789629274.0,15:14:34,robot_state_publisher,1168637,0.0,32848.0,879868.0
C,1789629274.0,15:14:34,frame_relay,1168785,2.0,77808.0,953896.0
C,1789629274.0,15:14:34,fusion,1168996,6.0,39632.0,961964.0
C,1789629275.0,15:14:35,driver,1160570,5.0,58984.0,1397580.0
C,1789629275.0,15:14:35,robot_state_publisher,1168637,0.0,32848.0,879868.0
C,1789629275.0,15:14:35,frame_relay,1168785,1.0,77808.0,953896.0
C,1789629275.0,15:14:35,fusion,1168996,6.0,40140.0,962472.0
C,1789629276.0,15:14:36,driver,1160570,5.0,59012.0,1397580.0
C,1789629276.0,15:14:36,robot_state_publisher,1168637,0.0,32848.0,879868.0
C,1789629276.0,15:14:36,frame_relay,1168785,1.0,77808.0,953896.0
C,1789629276.0,15:14:36,fusion,1168996,5.0,38380.0,960624.0
C,1789629277.0,15:14:37,driver,1160570,5.0,58912.0,1397580.0
C,1789629277.0,15:14:37,robot_state_publisher,1168637,0.0,32848.0,879868.0
C,1789629277.0,15:14:37,frame_relay,1168785,1.0,77808.0,953896.0
C,1789629277.0,15:14:37,fusion,1168996,5.0,38764.0,961228.0
C,1789629278.0,15:14:38,driver,1160570,5.0,58912.0,1397580.0
C,1789629278.0,15:14:38,robot_state_publisher,1168637,0.0,32848.0,879868.0
C,1789629278.0,15:14:38,frame_relay,1168785,2.0,77808.0,953896.0
C,1789629278.0,15:14:38,fusion,1168996,5.0,38764.0,961228.0
C,1789629279.0,15:14:39,driver,1160570,5.0,59056.0,1397580.0
C,1789629279.0,15:14:39,robot_state_publisher,1168637,1.0,32848.0,879868.0
C,1789629279.0,15:14:39,frame_relay,1168785,1.0,77808.0,953896.0
C,1789629279.0,15:14:39,fusion,1168996,6.0,38764.0,961228.0
C,1789629280.0,15:14:40,driver,1160570,4.0,59056.0,1397580.0
C,1789629280.0,15:14:40,robot_state_publisher,1168637,0.0,32848.0,879868.0
C,1789629280.0,15:14:40,frame_relay,1168785,1.0,77808.0,953896.0
C,1789629280.0,15:14:40,fusion,1168996,6.0,38764.0,961228.0
C,1789629281.0,15:14:41,driver,1160570,5.0,58980.0,1397580.0
C,1789629281.0,15:14:41,robot_state_publisher,1168637,0.0,32848.0,879868.0
C,1789629281.0,15:14:41,frame_relay,1168785,1.0,77808.0,953896.0
C,1789629281.0,15:14:41,fusion,1168996,5.0,38764.0,961228.0
C,1789629282.0,15:14:42,driver,1160570,4.0,59036.0,1397580.0
C,1789629282.0,15:14:42,robot_state_publisher,1168637,0.0,32848.0,879868.0
C,1789629282.0,15:14:42,frame_relay,1168785,2.0,77808.0,953896.0
C,1789629282.0,15:14:42,fusion,1168996,6.0,38764.0,961228.0
C,1789629283.0,15:14:43,driver,1160570,5.0,59248.0,1397580.0
C,1789629283.0,15:14:43,robot_state_publisher,1168637,0.0,32848.0,879868.0
C,1789629283.0,15:14:43,frame_relay,1168785,1.0,77808.0,953896.0
C,1789629283.0,15:14:43,fusion,1168996,6.0,38764.0,961228.0
C,1789629284.0,15:14:44,driver,1160570,5.0,59248.0,1397580.0
C,1789629284.0,15:14:44,robot_state_publisher,1168637,0.0,32848.0,879868.0
C,1789629284.0,15:14:44,frame_relay,1168785,1.0,77808.0,953896.0
C,1789629284.0,15:14:44,fusion,1168996,5.0,38764.0,961228.0
C,1789629285.0,15:14:45,driver,1160570,6.0,59248.0,1397580.0
C,1789629285.0,15:14:45,robot_state_publisher,1168637,0.0,32848.0,879868.0
C,1789629285.0,15:14:45,frame_relay,1168785,2.0,77808.0,953896.0
C,1789629285.0,15:14:45,fusion,1168996,6.0,38764.0,961228.0
C,1789629286.0,15:14:46,driver,1160570,4.0,59248.0,1397580.0
C,1789629286.0,15:14:46,robot_state_publisher,1168637,0.0,32848.0,879868.0
C,1789629286.0,15:14:46,frame_relay,1168785,1.0,77808.0,953896.0
C,1789629286.0,15:14:46,fusion,1168996,5.0,38764.0,961228.0
C,1789629287.0,15:14:47,driver,1160570,4.0,59268.0,1397580.0
C,1789629287.0,15:14:47,robot_state_publisher,1168637,0.0,32848.0,879868.0
C,1789629287.0,15:14:47,frame_relay,1168785,2.0,77808.0,953896.0
C,1789629287.0,15:14:47,fusion,1168996,5.0,38764.0,961228.0
C,1789629288.0,15:14:48,driver,1160570,6.0,59268.0,1397580.0
C,1789629288.0,15:14:48,robot_state_publisher,1168637,0.0,32848.0,879868.0
C,1789629288.0,15:14:48,frame_relay,1168785,1.0,77808.0,953896.0
C,1789629288.0,15:14:48,fusion,1168996,5.0,38764.0,961228.0
C,1789629289.0,15:14:49,driver,1160570,5.0,59268.0,1397580.0
C,1789629289.0,15:14:49,robot_state_publisher,1168637,0.0,32848.0,879868.0
C,1789629289.0,15:14:49,frame_relay,1168785,1.0,77808.0,953896.0
C,1789629289.0,15:14:49,fusion,1168996,6.0,38764.0,961228.0
C,1789629290.0,15:14:50,driver,1160570,4.0,59112.0,1397580.0
C,1789629290.0,15:14:50,robot_state_publisher,1168637,0.0,32848.0,879868.0
C,1789629290.0,15:14:50,frame_relay,1168785,1.0,77808.0,953896.0
C,1789629290.0,15:14:50,fusion,1168996,5.0,38764.0,961228.0
C,1789629291.0,15:14:51,driver,1160570,5.0,59112.0,1397580.0
C,1789629291.0,15:14:51,robot_state_publisher,1168637,0.0,32848.0,879868.0
C,1789629291.0,15:14:51,frame_relay,1168785,1.0,77808.0,953896.0
C,1789629291.0,15:14:51,fusion,1168996,6.0,38764.0,961228.0
C,1789629292.0,15:14:52,driver,1160570,6.0,59164.0,1397580.0
C,1789629292.0,15:14:52,robot_state_publisher,1168637,0.0,32848.0,879868.0
C,1789629292.0,15:14:52,frame_relay,1168785,1.0,77808.0,953896.0
C,1789629292.0,15:14:52,fusion,1168996,5.0,38764.0,961228.0
C,1789629293.0,15:14:53,driver,1160570,6.0,59492.0,1397580.0
C,1789629293.0,15:14:53,robot_state_publisher,1168637,0.0,32848.0,879868.0
C,1789629293.0,15:14:53,frame_relay,1168785,1.0,77808.0,953896.0
C,1789629293.0,15:14:53,fusion,1168996,6.0,38764.0,961228.0
C,1789629294.0,15:14:54,driver,1160570,5.0,59420.0,1397580.0
C,1789629294.0,15:14:54,robot_state_publisher,1168637,0.0,32848.0,879868.0
C,1789629294.0,15:14:54,frame_relay,1168785,2.0,77808.0,953896.0
C,1789629294.0,15:14:54,fusion,1168996,6.0,38764.0,961228.0
C,1789629295.0,15:14:55,driver,1160570,5.0,59420.0,1397580.0
C,1789629295.0,15:14:55,robot_state_publisher,1168637,0.0,32848.0,879868.0
C,1789629295.0,15:14:55,frame_relay,1168785,1.0,77808.0,953896.0
C,1789629295.0,15:14:55,fusion,1168996,6.0,38764.0,961228.0
C,1789629296.0,15:14:56,driver,1160570,6.0,59420.0,1397580.0
C,1789629296.0,15:14:56,robot_state_publisher,1168637,0.0,32848.0,879868.0
C,1789629296.0,15:14:56,frame_relay,1168785,1.0,77808.0,953896.0
C,1789629296.0,15:14:56,fusion,1168996,7.0,38764.0,961228.0
C,1789629297.0,15:14:57,driver,1160570,4.0,59264.0,1397580.0
C,1789629297.0,15:14:57,robot_state_publisher,1168637,0.0,32848.0,879868.0
C,1789629297.0,15:14:57,frame_relay,1168785,2.0,77808.0,953896.0
C,1789629297.0,15:14:57,fusion,1168996,5.0,38764.0,961228.0
C,1789629298.0,15:14:58,driver,1160570,5.0,59264.0,1397580.0
C,1789629298.0,15:14:58,robot_state_publisher,1168637,0.0,32848.0,879868.0
C,1789629298.0,15:14:58,frame_relay,1168785,0.0,77808.0,953896.0
C,1789629298.0,15:14:58,fusion,1168996,6.0,38764.0,961228.0
C,1789629299.0,15:14:59,driver,1160570,5.0,59348.0,1397580.0
C,1789629299.0,15:14:59,robot_state_publisher,1168637,0.0,32848.0,879868.0
C,1789629299.0,15:14:59,frame_relay,1168785,2.0,77808.0,953896.0
C,1789629299.0,15:14:59,fusion,1168996,5.0,38764.0,961228.0
C,1789629300.0,15:15:00,driver,1160570,6.0,59348.0,1397580.0
C,1789629300.0,15:15:00,robot_state_publisher,1168637,0.0,32848.0,879868.0
C,1789629300.0,15:15:00,frame_relay,1168785,1.0,77808.0,953896.0
C,1789629300.0,15:15:00,fusion,1168996,6.0,38764.0,961228.0
C,1789629301.0,15:15:01,driver,1160570,5.0,59348.0,1397580.0
C,1789629301.0,15:15:01,robot_state_publisher,1168637,0.0,32848.0,879868.0
C,1789629301.0,15:15:01,frame_relay,1168785,1.0,77808.0,953896.0
C,1789629301.0,15:15:01,fusion,1168996,5.0,38764.0,961228.0
C,1789629302.0,15:15:02,driver,1160570,5.0,59348.0,1397580.0
C,1789629302.0,15:15:02,robot_state_publisher,1168637,0.0,32848.0,879868.0
C,1789629302.0,15:15:02,frame_relay,1168785,1.0,77808.0,953896.0
C,1789629302.0,15:15:02,fusion,1168996,6.0,38764.0,961228.0
C,1789629303.0,15:15:03,driver,1160570,5.0,59112.0,1397580.0
C,1789629303.0,15:15:03,robot_state_publisher,1168637,0.0,32848.0,879868.0
C,1789629303.0,15:15:03,frame_relay,1168785,1.0,77808.0,953896.0
C,1789629303.0,15:15:03,fusion,1168996,5.0,38764.0,961228.0
C,1789629304.0,15:15:04,driver,1160570,6.0,58956.0,1397580.0
C,1789629304.0,15:15:04,robot_state_publisher,1168637,0.0,32848.0,879868.0
C,1789629304.0,15:15:04,frame_relay,1168785,1.0,77808.0,953896.0
C,1789629304.0,15:15:04,fusion,1168996,6.0,38764.0,961228.0
C,1789629305.0,15:15:05,driver,1160570,5.0,58956.0,1397580.0
C,1789629305.0,15:15:05,robot_state_publisher,1168637,0.0,32848.0,879868.0
C,1789629305.0,15:15:05,frame_relay,1168785,1.0,77808.0,953896.0
C,1789629305.0,15:15:05,fusion,1168996,6.0,38764.0,961228.0
C,1789629306.0,15:15:06,driver,1160570,5.0,58956.0,1397580.0
C,1789629306.0,15:15:06,robot_state_publisher,1168637,0.0,32848.0,879868.0
C,1789629306.0,15:15:06,frame_relay,1168785,1.0,77808.0,953896.0
C,1789629306.0,15:15:06,fusion,1168996,5.0,38764.0,961228.0
C,1789629307.0,15:15:07,driver,1160570,4.0,59004.0,1397580.0
C,1789629307.0,15:15:07,robot_state_publisher,1168637,0.0,32848.0,879868.0
C,1789629307.0,15:15:07,frame_relay,1168785,1.0,77808.0,953896.0
C,1789629307.0,15:15:07,fusion,1168996,5.0,38764.0,961228.0
C,1789629308.0,15:15:08,driver,1160570,6.0,59004.0,1397580.0
C,1789629308.0,15:15:08,robot_state_publisher,1168637,0.0,32848.0,879868.0
C,1789629308.0,15:15:08,frame_relay,1168785,1.0,77808.0,953896.0
C,1789629308.0,15:15:08,fusion,1168996,6.0,38764.0,961228.0
C,1789629309.0,15:15:09,driver,1160570,4.0,59004.0,1397580.0
C,1789629309.0,15:15:09,robot_state_publisher,1168637,0.0,32848.0,879868.0
C,1789629309.0,15:15:09,frame_relay,1168785,1.0,77808.0,953896.0
C,1789629309.0,15:15:09,fusion,1168996,5.0,38764.0,961228.0
C,1789629310.0,15:15:10,driver,1160570,6.0,59004.0,1397580.0
C,1789629310.0,15:15:10,robot_state_publisher,1168637,0.0,32848.0,879868.0
C,1789629310.0,15:15:10,frame_relay,1168785,1.0,77808.0,953896.0
C,1789629310.0,15:15:10,fusion,1168996,6.0,38764.0,961228.0
C,1789629311.0,15:15:11,driver,1160570,4.0,58880.0,1397580.0
C,1789629311.0,15:15:11,robot_state_publisher,1168637,0.0,32848.0,879868.0
C,1789629311.0,15:15:11,frame_relay,1168785,1.0,77808.0,953896.0
C,1789629311.0,15:15:11,fusion,1168996,5.0,38764.0,961228.0
C,1789629312.0,15:15:12,driver,1160570,5.0,58880.0,1397580.0
C,1789629312.0,15:15:12,robot_state_publisher,1168637,0.0,32848.0,879868.0
C,1789629312.0,15:15:12,frame_relay,1168785,1.0,77808.0,953896.0
C,1789629312.0,15:15:12,fusion,1168996,6.0,38764.0,961228.0
C,1789629313.0,15:15:13,driver,1160570,4.0,58880.0,1397580.0
C,1789629313.0,15:15:13,robot_state_publisher,1168637,0.0,32848.0,879868.0
C,1789629313.0,15:15:13,frame_relay,1168785,1.0,77808.0,953896.0
C,1789629313.0,15:15:13,fusion,1168996,5.0,38764.0,961228.0
C,1789629314.0,15:15:14,driver,1160570,5.0,59128.0,1397580.0
C,1789629314.0,15:15:14,robot_state_publisher,1168637,0.0,32848.0,879868.0
C,1789629314.0,15:15:14,frame_relay,1168785,2.0,77808.0,953896.0
C,1789629314.0,15:15:14,fusion,1168996,6.0,38764.0,961228.0
C,1789629315.0,15:15:15,driver,1160570,4.0,59080.0,1397580.0
C,1789629315.0,15:15:15,robot_state_publisher,1168637,0.0,32848.0,879868.0
C,1789629315.0,15:15:15,frame_relay,1168785,1.0,77808.0,953896.0
C,1789629315.0,15:15:15,fusion,1168996,5.0,38764.0,961228.0
C,1789629316.0,15:15:16,driver,1160570,4.0,58932.0,1397580.0
C,1789629316.0,15:15:16,robot_state_publisher,1168637,0.0,32848.0,879868.0
C,1789629316.0,15:15:16,frame_relay,1168785,1.0,77808.0,953896.0
C,1789629316.0,15:15:16,fusion,1168996,5.0,38764.0,961228.0
C,1789629317.0,15:15:17,driver,1160570,4.0,58932.0,1397580.0
C,1789629317.0,15:15:17,robot_state_publisher,1168637,0.0,32848.0,879868.0
C,1789629317.0,15:15:17,frame_relay,1168785,1.0,77808.0,953896.0
C,1789629317.0,15:15:17,fusion,1168996,6.0,38764.0,961228.0
C,1789629318.0,15:15:18,driver,1160570,5.0,58932.0,1397580.0
C,1789629318.0,15:15:18,robot_state_publisher,1168637,0.0,32848.0,879868.0
C,1789629318.0,15:15:18,frame_relay,1168785,2.0,77808.0,953896.0
C,1789629318.0,15:15:18,fusion,1168996,5.0,38764.0,961228.0
C,1789629319.0,15:15:19,driver,1160570,4.0,58932.0,1397580.0
C,1789629319.0,15:15:19,robot_state_publisher,1168637,1.0,32848.0,879868.0
C,1789629319.0,15:15:19,frame_relay,1168785,1.0,77808.0,953896.0
C,1789629319.0,15:15:19,fusion,1168996,5.0,38764.0,961228.0
C,1789629320.0,15:15:20,driver,1160570,5.0,59008.0,1397580.0
C,1789629320.0,15:15:20,robot_state_publisher,1168637,0.0,32848.0,879868.0
C,1789629320.0,15:15:20,frame_relay,1168785,1.0,77808.0,953896.0
C,1789629320.0,15:15:20,fusion,1168996,6.0,38764.0,961228.0
C,1789629321.0,15:15:21,driver,1160570,6.0,58940.0,1397580.0
C,1789629321.0,15:15:21,robot_state_publisher,1168637,0.0,32848.0,879868.0
C,1789629321.0,15:15:21,frame_relay,1168785,1.0,77808.0,953896.0
C,1789629321.0,15:15:21,fusion,1168996,5.0,38764.0,961228.0
C,1789629322.0,15:15:22,driver,1160570,4.0,58940.0,1397580.0
C,1789629322.0,15:15:22,robot_state_publisher,1168637,0.0,32848.0,879868.0
C,1789629322.0,15:15:22,frame_relay,1168785,1.0,77808.0,953896.0
C,1789629322.0,15:15:22,fusion,1168996,5.0,38764.0,961228.0
C,1789629323.0,15:15:23,driver,1160570,6.0,58804.0,1397580.0
C,1789629323.0,15:15:23,robot_state_publisher,1168637,0.0,32848.0,879868.0
C,1789629323.0,15:15:23,frame_relay,1168785,1.0,77808.0,953896.0
C,1789629323.0,15:15:23,fusion,1168996,6.0,38764.0,961228.0
C,1789629324.0,15:15:24,driver,1160570,5.0,58804.0,1397580.0
C,1789629324.0,15:15:24,robot_state_publisher,1168637,0.0,32848.0,879868.0
C,1789629324.0,15:15:24,frame_relay,1168785,1.0,77808.0,953896.0
C,1789629324.0,15:15:24,fusion,1168996,5.0,38764.0,961228.0
C,1789629325.0,15:15:25,driver,1160570,4.0,58804.0,1397580.0
C,1789629325.0,15:15:25,robot_state_publisher,1168637,0.0,32848.0,879868.0
C,1789629325.0,15:15:25,frame_relay,1168785,1.0,77808.0,953896.0
C,1789629325.0,15:15:25,fusion,1168996,6.0,38764.0,961228.0
C,1789629326.0,15:15:26,driver,1160570,5.0,58804.0,1397580.0
C,1789629326.0,15:15:26,robot_state_publisher,1168637,0.0,32848.0,879868.0
C,1789629326.0,15:15:26,frame_relay,1168785,1.0,77808.0,953896.0
C,1789629326.0,15:15:26,fusion,1168996,5.0,38764.0,961228.0
C,1789629327.0,15:15:27,driver,1160570,6.0,58804.0,1397580.0
C,1789629327.0,15:15:27,robot_state_publisher,1168637,0.0,32848.0,879868.0
C,1789629327.0,15:15:27,frame_relay,1168785,1.0,77808.0,953896.0
C,1789629327.0,15:15:27,fusion,1168996,6.0,38764.0,961228.0
C,1789629328.0,15:15:28,driver,1160570,4.0,58928.0,1397580.0
C,1789629328.0,15:15:28,robot_state_publisher,1168637,0.0,32848.0,879868.0
C,1789629328.0,15:15:28,frame_relay,1168785,1.0,77808.0,953896.0
C,1789629328.0,15:15:28,fusion,1168996,5.0,38764.0,961228.0
C,1789629329.0,15:15:29,driver,1160570,4.0,58928.0,1397580.0
C,1789629329.0,15:15:29,robot_state_publisher,1168637,0.0,32848.0,879868.0
C,1789629329.0,15:15:29,frame_relay,1168785,1.0,77808.0,953896.0
C,1789629329.0,15:15:29,fusion,1168996,6.0,38764.0,961228.0
C,1789629330.0,15:15:30,driver,1160570,5.0,58928.0,1397580.0
C,1789629330.0,15:15:30,robot_state_publisher,1168637,0.0,32848.0,879868.0
C,1789629330.0,15:15:30,frame_relay,1168785,1.0,77808.0,953896.0
C,1789629330.0,15:15:30,fusion,1168996,5.0,38764.0,961228.0
C,1789629331.0,15:15:31,driver,1160570,5.0,58928.0,1397580.0
C,1789629331.0,15:15:31,robot_state_publisher,1168637,0.0,32848.0,879868.0
C,1789629331.0,15:15:31,frame_relay,1168785,1.0,77808.0,953896.0
C,1789629331.0,15:15:31,fusion,1168996,6.0,38764.0,961228.0
C,1789629332.0,15:15:32,driver,1160570,5.0,58836.0,1397580.0
C,1789629332.0,15:15:32,robot_state_publisher,1168637,0.0,32848.0,879868.0
C,1789629332.0,15:15:32,frame_relay,1168785,1.0,77808.0,953896.0
C,1789629332.0,15:15:32,fusion,1168996,5.0,38764.0,961228.0
C,1789629333.0,15:15:33,driver,1160570,4.0,58836.0,1397580.0
C,1789629333.0,15:15:33,robot_state_publisher,1168637,0.0,32848.0,879868.0
C,1789629333.0,15:15:33,frame_relay,1168785,1.0,77808.0,953896.0
C,1789629333.0,15:15:33,fusion,1168996,6.0,38764.0,961228.0
C,1789629334.0,15:15:34,driver,1160570,6.0,58836.0,1397580.0
C,1789629334.0,15:15:34,robot_state_publisher,1168637,0.0,32848.0,879868.0
C,1789629334.0,15:15:34,frame_relay,1168785,1.0,77808.0,953896.0
C,1789629334.0,15:15:34,fusion,1168996,5.0,38764.0,961228.0
C,1789629335.0,15:15:35,driver,1160570,4.0,58836.0,1397580.0
C,1789629335.0,15:15:35,robot_state_publisher,1168637,0.0,32848.0,879868.0
C,1789629335.0,15:15:35,frame_relay,1168785,1.0,77808.0,953896.0
C,1789629335.0,15:15:35,fusion,1168996,6.0,38764.0,961228.0
C,1789629336.0,15:15:36,driver,1160570,5.0,58836.0,1397580.0
C,1789629336.0,15:15:36,robot_state_publisher,1168637,0.0,32848.0,879868.0
C,1789629336.0,15:15:36,frame_relay,1168785,2.0,77808.0,953896.0
C,1789629336.0,15:15:36,fusion,1168996,6.0,38764.0,961228.0
C,1789629337.0,15:15:37,driver,1160570,4.0,58836.0,1397580.0
C,1789629337.0,15:15:37,robot_state_publisher,1168637,0.0,32848.0,879868.0
C,1789629337.0,15:15:37,frame_relay,1168785,1.0,77808.0,953896.0
C,1789629337.0,15:15:37,fusion,1168996,5.0,38764.0,961228.0
C,1789629338.0,15:15:38,driver,1160570,5.0,58772.0,1397580.0
C,1789629338.0,15:15:38,robot_state_publisher,1168637,0.0,32848.0,879868.0
C,1789629338.0,15:15:38,frame_relay,1168785,1.0,77808.0,953896.0
C,1789629338.0,15:15:38,fusion,1168996,6.0,38764.0,961228.0
C,1789629339.0,15:15:39,driver,1160570,4.0,58772.0,1397580.0
C,1789629339.0,15:15:39,robot_state_publisher,1168637,0.0,32848.0,879868.0
C,1789629339.0,15:15:39,frame_relay,1168785,1.0,77808.0,953896.0
C,1789629339.0,15:15:39,fusion,1168996,5.0,38764.0,961228.0
C,1789629340.0,15:15:40,driver,1160570,5.0,58772.0,1397580.0
C,1789629340.0,15:15:40,robot_state_publisher,1168637,0.0,32848.0,879868.0
C,1789629340.0,15:15:40,frame_relay,1168785,1.0,77808.0,953896.0
C,1789629340.0,15:15:40,fusion,1168996,6.0,38764.0,961228.0
C,1789629341.0,15:15:41,driver,1160570,5.0,58772.0,1397580.0
C,1789629341.0,15:15:41,robot_state_publisher,1168637,0.0,32848.0,879868.0
C,1789629341.0,15:15:41,frame_relay,1168785,1.0,77808.0,953896.0
C,1789629341.0,15:15:41,fusion,1168996,5.0,38764.0,961228.0
C,1789629342.0,15:15:42,driver,1160570,5.0,58772.0,1397580.0
C,1789629342.0,15:15:42,robot_state_publisher,1168637,0.0,32848.0,879868.0
C,1789629342.0,15:15:42,frame_relay,1168785,1.0,77808.0,953896.0
C,1789629342.0,15:15:42,fusion,1168996,6.0,38764.0,961228.0
C,1789629343.0,15:15:43,driver,1160570,5.0,58772.0,1397580.0
C,1789629343.0,15:15:43,robot_state_publisher,1168637,0.0,32848.0,879868.0
C,1789629343.0,15:15:43,frame_relay,1168785,1.0,77808.0,953896.0
C,1789629343.0,15:15:43,fusion,1168996,5.0,38764.0,961228.0
C,1789629344.0,15:15:44,driver,1160570,5.0,58772.0,1397580.0
C,1789629344.0,15:15:44,robot_state_publisher,1168637,0.0,32848.0,879868.0
C,1789629344.0,15:15:44,frame_relay,1168785,1.0,77808.0,953896.0
C,1789629344.0,15:15:44,fusion,1168996,6.0,38764.0,961228.0
C,1789629345.0,15:15:45,driver,1160570,3.0,58772.0,1397580.0
C,1789629345.0,15:15:45,robot_state_publisher,1168637,0.0,32848.0,879868.0
C,1789629345.0,15:15:45,frame_relay,1168785,1.0,77808.0,953896.0
C,1789629345.0,15:15:45,fusion,1168996,5.0,38764.0,961228.0
C,1789629346.0,15:15:46,driver,1160570,6.0,58772.0,1397580.0
C,1789629346.0,15:15:46,robot_state_publisher,1168637,0.0,32848.0,879868.0
C,1789629346.0,15:15:46,frame_relay,1168785,1.0,77808.0,953896.0
C,1789629346.0,15:15:46,fusion,1168996,5.0,39148.0,961568.0
C,1789629347.0,15:15:47,driver,1160570,4.0,58608.0,1397580.0
C,1789629347.0,15:15:47,robot_state_publisher,1168637,0.0,32848.0,879868.0
C,1789629347.0,15:15:47,frame_relay,1168785,1.0,77808.0,953896.0
C,1789629347.0,15:15:47,fusion,1168996,6.0,39148.0,961568.0
C,1789629348.0,15:15:48,driver,1160570,4.0,58608.0,1397580.0
C,1789629348.0,15:15:48,robot_state_publisher,1168637,0.0,32848.0,879868.0
C,1789629348.0,15:15:48,frame_relay,1168785,1.0,77808.0,953896.0
C,1789629348.0,15:15:48,fusion,1168996,6.0,39148.0,961568.0
C,1789629349.0,15:15:49,driver,1160570,4.0,58608.0,1397580.0
C,1789629349.0,15:15:49,robot_state_publisher,1168637,0.0,32848.0,879868.0
C,1789629349.0,15:15:49,frame_relay,1168785,1.0,77808.0,953896.0
C,1789629349.0,15:15:49,fusion,1168996,5.0,39148.0,961568.0
C,1789629350.0,15:15:50,driver,1160570,4.0,58608.0,1397580.0
C,1789629350.0,15:15:50,robot_state_publisher,1168637,0.0,32848.0,879868.0
C,1789629350.0,15:15:50,frame_relay,1168785,1.0,77808.0,953896.0
C,1789629350.0,15:15:50,fusion,1168996,6.0,39148.0,961568.0
C,1789629351.0,15:15:51,driver,1160570,4.0,58608.0,1397580.0
C,1789629351.0,15:15:51,robot_state_publisher,1168637,0.0,32848.0,879868.0
C,1789629351.0,15:15:51,frame_relay,1168785,1.0,77808.0,953896.0
C,1789629351.0,15:15:51,fusion,1168996,6.0,39148.0,961568.0
C,1789629352.0,15:15:52,driver,1160570,5.0,58616.0,1397580.0
C,1789629352.0,15:15:52,robot_state_publisher,1168637,0.0,32848.0,879868.0
C,1789629352.0,15:15:52,frame_relay,1168785,1.0,77808.0,953896.0
C,1789629352.0,15:15:52,fusion,1168996,6.0,39148.0,961568.0
C,1789629353.0,15:15:53,driver,1160570,6.0,58756.0,1397580.0
C,1789629353.0,15:15:53,robot_state_publisher,1168637,0.0,32848.0,879868.0
C,1789629353.0,15:15:53,frame_relay,1168785,1.0,77808.0,953896.0
C,1789629353.0,15:15:53,fusion,1168996,5.0,39148.0,961568.0
C,1789629354.0,15:15:54,driver,1160570,6.0,58756.0,1397580.0
C,1789629354.0,15:15:54,robot_state_publisher,1168637,0.0,32848.0,879868.0
C,1789629354.0,15:15:54,frame_relay,1168785,1.0,77808.0,953896.0
C,1789629354.0,15:15:54,fusion,1168996,6.0,39148.0,961568.0
C,1789629355.0,15:15:55,driver,1160570,5.0,58904.0,1397580.0
C,1789629355.0,15:15:55,robot_state_publisher,1168637,0.0,32848.0,879868.0
C,1789629355.0,15:15:55,frame_relay,1168785,2.0,77808.0,953896.0
C,1789629355.0,15:15:55,fusion,1168996,6.0,39148.0,961568.0
C,1789629356.0,15:15:56,driver,1160570,5.0,58748.0,1397580.0
C,1789629356.0,15:15:56,robot_state_publisher,1168637,0.0,32848.0,879868.0
C,1789629356.0,15:15:56,frame_relay,1168785,1.0,77808.0,953896.0
C,1789629356.0,15:15:56,fusion,1168996,5.0,38788.0,961612.0
C,1789629357.0,15:15:57,driver,1160570,4.0,58748.0,1397580.0
C,1789629357.0,15:15:57,robot_state_publisher,1168637,0.0,32848.0,879868.0
C,1789629357.0,15:15:57,frame_relay,1168785,1.0,77808.0,953896.0
C,1789629357.0,15:15:57,fusion,1168996,6.0,39252.0,961740.0
C,1789629358.0,15:15:58,driver,1160570,5.0,58904.0,1397580.0
C,1789629358.0,15:15:58,robot_state_publisher,1168637,0.0,32848.0,879868.0
C,1789629358.0,15:15:58,frame_relay,1168785,1.0,77808.0,953896.0
C,1789629358.0,15:15:58,fusion,1168996,5.0,38108.0,960624.0
C,1789629359.0,15:15:59,driver,1160570,6.0,58904.0,1397580.0
C,1789629359.0,15:15:59,robot_state_publisher,1168637,0.0,32848.0,879868.0
C,1789629359.0,15:15:59,frame_relay,1168785,1.0,77808.0,953896.0
C,1789629359.0,15:15:59,fusion,1168996,7.0,38004.0,960624.0
C,1789629360.0,15:16:00,driver,1160570,4.0,59068.0,1397580.0
C,1789629360.0,15:16:00,robot_state_publisher,1168637,0.0,32848.0,879868.0
C,1789629360.0,15:16:00,frame_relay,1168785,1.0,77808.0,953896.0
C,1789629360.0,15:16:00,fusion,1168996,5.0,38004.0,960624.0
C,1789629361.0,15:16:01,driver,1160570,5.0,59056.0,1397580.0
C,1789629361.0,15:16:01,robot_state_publisher,1168637,0.0,32848.0,879868.0
C,1789629361.0,15:16:01,frame_relay,1168785,1.0,77808.0,953896.0
C,1789629361.0,15:16:01,fusion,1168996,5.0,38972.0,961740.0
C,1789629362.0,15:16:02,driver,1160570,5.0,59036.0,1397580.0
C,1789629362.0,15:16:02,robot_state_publisher,1168637,0.0,32848.0,879868.0
C,1789629362.0,15:16:02,frame_relay,1168785,1.0,77808.0,953896.0
C,1789629362.0,15:16:02,fusion,1168996,8.0,38184.0,960624.0
C,1789629363.0,15:16:03,driver,1160570,4.0,59036.0,1397580.0
C,1789629363.0,15:16:03,robot_state_publisher,1168637,0.0,32848.0,879868.0
C,1789629363.0,15:16:03,frame_relay,1168785,1.0,77808.0,953896.0
C,1789629363.0,15:16:03,fusion,1168996,5.0,38192.0,960624.0
C,1789629364.0,15:16:04,driver,1160570,5.0,59036.0,1397580.0
C,1789629364.0,15:16:04,robot_state_publisher,1168637,0.0,32848.0,879868.0
C,1789629364.0,15:16:04,frame_relay,1168785,1.0,77808.0,953896.0
C,1789629364.0,15:16:04,fusion,1168996,5.0,38192.0,960624.0
C,1789629365.0,15:16:05,driver,1160570,4.0,59036.0,1397580.0
C,1789629365.0,15:16:05,robot_state_publisher,1168637,0.0,32848.0,879868.0
C,1789629365.0,15:16:05,frame_relay,1168785,1.0,77808.0,953896.0
C,1789629365.0,15:16:05,fusion,1168996,6.0,38160.0,960624.0
C,1789629366.0,15:16:06,driver,1160570,5.0,59036.0,1397580.0
C,1789629366.0,15:16:06,robot_state_publisher,1168637,0.0,32848.0,879868.0
C,1789629366.0,15:16:06,frame_relay,1168785,1.0,77808.0,953896.0
C,1789629366.0,15:16:06,fusion,1168996,6.0,39120.0,961740.0
C,1789629367.0,15:16:07,driver,1160570,4.0,58880.0,1397580.0
C,1789629367.0,15:16:07,robot_state_publisher,1168637,0.0,32848.0,879868.0
C,1789629367.0,15:16:07,frame_relay,1168785,1.0,77808.0,953896.0
C,1789629367.0,15:16:07,fusion,1168996,5.0,39024.0,961604.0
C,1789629368.0,15:16:08,driver,1160570,5.0,58880.0,1397580.0
C,1789629368.0,15:16:08,robot_state_publisher,1168637,0.0,32848.0,879868.0
C,1789629368.0,15:16:08,frame_relay,1168785,1.0,77808.0,953896.0
C,1789629368.0,15:16:08,fusion,1168996,7.0,39260.0,961612.0
C,1789629369.0,15:16:09,driver,1160570,5.0,59036.0,1397580.0
C,1789629369.0,15:16:09,robot_state_publisher,1168637,0.0,32848.0,879868.0
C,1789629369.0,15:16:09,frame_relay,1168785,1.0,77808.0,953896.0
C,1789629369.0,15:16:09,fusion,1168996,5.0,38344.0,960624.0
C,1789629370.0,15:16:10,driver,1160570,5.0,59064.0,1397580.0
C,1789629370.0,15:16:10,robot_state_publisher,1168637,0.0,32848.0,879868.0
C,1789629370.0,15:16:10,frame_relay,1168785,1.0,77808.0,953896.0
C,1789629370.0,15:16:10,fusion,1168996,6.0,39100.0,961616.0
C,1789629371.0,15:16:11,driver,1160570,5.0,59244.0,1397580.0
C,1789629371.0,15:16:11,robot_state_publisher,1168637,0.0,32848.0,879868.0
C,1789629371.0,15:16:11,frame_relay,1168785,1.0,77808.0,953896.0
C,1789629371.0,15:16:11,fusion,1168996,6.0,39320.0,961740.0
C,1789629372.0,15:16:12,driver,1160570,5.0,59244.0,1397580.0
C,1789629372.0,15:16:12,robot_state_publisher,1168637,0.0,32848.0,879868.0
C,1789629372.0,15:16:12,frame_relay,1168785,1.0,77808.0,953896.0
C,1789629372.0,15:16:12,fusion,1168996,5.0,39132.0,961740.0
C,1789629373.0,15:16:13,driver,1160570,4.0,59124.0,1397580.0
C,1789629373.0,15:16:13,robot_state_publisher,1168637,0.0,32848.0,879868.0
C,1789629373.0,15:16:13,frame_relay,1168785,1.0,77808.0,953896.0
C,1789629373.0,15:16:13,fusion,1168996,6.0,38360.0,960624.0
C,1789629374.0,15:16:14,driver,1160570,5.0,59180.0,1397580.0
C,1789629374.0,15:16:14,robot_state_publisher,1168637,0.0,32848.0,879868.0
C,1789629374.0,15:16:14,frame_relay,1168785,1.0,77808.0,953896.0
C,1789629374.0,15:16:14,fusion,1168996,6.0,38360.0,960624.0
C,1789629375.0,15:16:15,driver,1160570,4.0,59180.0,1397580.0
C,1789629375.0,15:16:15,robot_state_publisher,1168637,0.0,32848.0,879868.0
C,1789629375.0,15:16:15,frame_relay,1168785,1.0,77808.0,953896.0
C,1789629375.0,15:16:15,fusion,1168996,5.0,38176.0,960624.0
C,1789629376.0,15:16:16,driver,1160570,5.0,59180.0,1397580.0
C,1789629376.0,15:16:16,robot_state_publisher,1168637,0.0,32848.0,879868.0
C,1789629376.0,15:16:16,frame_relay,1168785,1.0,77808.0,953896.0
C,1789629376.0,15:16:16,fusion,1168996,6.0,38196.0,960624.0
C,1789629377.0,15:16:17,driver,1160570,5.0,59180.0,1397580.0
C,1789629377.0,15:16:17,robot_state_publisher,1168637,0.0,32848.0,879868.0
C,1789629377.0,15:16:17,frame_relay,1168785,1.0,77808.0,953896.0
C,1789629377.0,15:16:17,fusion,1168996,6.0,38772.0,961608.0
C,1789629378.0,15:16:18,driver,1160570,5.0,59180.0,1397580.0
C,1789629378.0,15:16:18,robot_state_publisher,1168637,0.0,32848.0,879868.0
C,1789629378.0,15:16:18,frame_relay,1168785,1.0,77808.0,953896.0
C,1789629378.0,15:16:18,fusion,1168996,5.0,38152.0,960624.0
C,1789629379.0,15:16:19,driver,1160570,5.0,59180.0,1397580.0
C,1789629379.0,15:16:19,robot_state_publisher,1168637,0.0,32848.0,879868.0
C,1789629379.0,15:16:19,frame_relay,1168785,1.0,77808.0,953896.0
C,1789629379.0,15:16:19,fusion,1168996,6.0,38180.0,960624.0
C,1789629380.0,15:16:20,driver,1160570,4.0,59064.0,1397580.0
C,1789629380.0,15:16:20,robot_state_publisher,1168637,0.0,32848.0,879868.0
C,1789629380.0,15:16:20,frame_relay,1168785,1.0,77808.0,953896.0
C,1789629380.0,15:16:20,fusion,1168996,5.0,38252.0,960624.0
C,1789629381.0,15:16:21,driver,1160570,5.0,59184.0,1397580.0
C,1789629381.0,15:16:21,robot_state_publisher,1168637,0.0,32848.0,879868.0
C,1789629381.0,15:16:21,frame_relay,1168785,1.0,77808.0,953896.0
C,1789629381.0,15:16:21,fusion,1168996,8.0,38388.0,960624.0
C,1789629382.0,15:16:22,driver,1160570,5.0,58996.0,1397580.0
C,1789629382.0,15:16:22,robot_state_publisher,1168637,0.0,32848.0,879868.0
C,1789629382.0,15:16:22,frame_relay,1168785,2.0,77808.0,953896.0
C,1789629382.0,15:16:22,fusion,1168996,5.0,38528.0,960624.0
C,1789629383.0,15:16:23,driver,1160570,5.0,58992.0,1397580.0
C,1789629383.0,15:16:23,robot_state_publisher,1168637,0.0,32848.0,879868.0
C,1789629383.0,15:16:23,frame_relay,1168785,1.0,77808.0,953896.0
C,1789629383.0,15:16:23,fusion,1168996,6.0,38448.0,960624.0
C,1789629384.0,15:16:24,driver,1160570,5.0,58992.0,1397580.0
C,1789629384.0,15:16:24,robot_state_publisher,1168637,0.0,32848.0,879868.0
C,1789629384.0,15:16:24,frame_relay,1168785,1.0,77808.0,953896.0
C,1789629384.0,15:16:24,fusion,1168996,7.0,38448.0,960624.0
C,1789629385.0,15:16:25,driver,1160570,4.0,58992.0,1397580.0
C,1789629385.0,15:16:25,robot_state_publisher,1168637,0.0,32848.0,879868.0
C,1789629385.0,15:16:25,frame_relay,1168785,1.0,77808.0,953896.0
C,1789629385.0,15:16:25,fusion,1168996,5.0,38448.0,960624.0
