stage,timestamp,clock,system_cpu_pct,ram_used_kb,ram_available_kb,ram_total_kb,load_1m,load_5m,load_15m
A,1789626525.2125485,,0.0,19863152.0,45781408.0,65644560,,,
A,1789626526.217762,,3.66,19929980.0,45714580.0,65644560,,,
A,1789626527.2452068,,3.33,19959508.0,45685052.0,65644560,,,
A,1789626528.2731824,,1.95,19961472.0,45683088.0,65644560,,,
A,1789626529.3013237,,2.64,19883424.0,45761136.0,65644560,,,
A,1789626530.3293338,,2.39,19880692.0,45763868.0,65644560,,,
A,1789626531.3574283,,1.46,19882600.0,45761960.0,65644560,,,
A,1789626532.3875885,,2.15,19878184.0,45766376.0,65644560,,,
A,1789626533.4164555,,6.53,20112008.0,45532552.0,65644560,,,
A,1789626534.4444098,,6.79,20136528.0,45508032.0,65644560,,,
A,1789626535.4724638,,7.07,20170864.0,45473696.0,65644560,,,
A,1789626536.5003674,,2.48,20138292.0,45506268.0,65644560,,,
A,1789626537.5282447,,1.55,20124256.0,45520304.0,65644560,,,
A,1789626538.5546067,,1.87,20115176.0,45529384.0,65644560,,,
A,1789626539.5837104,,1.7,20090376.0,45554184.0,65644560,,,
A,1789626540.6127527,,2.07,20070152.0,45574408.0,65644560,,,
A,1789626541.6412423,,1.42,20057148.0,45587412.0,65644560,,,
A,1789626542.6707275,,2.23,20049208.0,45595352.0,65644560,,,
A,1789626543.699617,,1.82,20039516.0,45605044.0,65644560,,,
A,1789626544.727456,,1.54,20022200.0,45622360.0,65644560,,,
A,1789626545.757008,,1.5,20021392.0,45623168.0,65644560,,,
A,1789626546.783077,,1.91,20015308.0,45629252.0,65644560,,,
A,1789626547.8112283,,1.83,20008008.0,45636552.0,65644560,,,
A,1789626548.8385599,,1.26,20004092.0,45640468.0,65644560,,,
A,1789626549.8664346,,1.87,20003148.0,45641412.0,65644560,,,
A,1789626550.8956952,,1.7,19992808.0,45651752.0,65644560,,,
A,1789626551.924395,,1.58,19992252.0,45652308.0,65644560,,,
A,1789626552.9526243,,2.19,19985576.0,45658984.0,65644560,,,
A,1789626553.981533,,1.58,19989012.0,45655548.0,65644560,,,
A,1789626555.010821,,1.42,19989392.0,45655168.0,65644560,,,
A,1789626556.0400124,,1.54,19982436.0,45662124.0,65644560,,,
A,1789626557.0685854,,1.87,19976932.0,45667628.0,65644560,,,
A,1789626558.0962906,,1.71,19974528.0,45670032.0,65644560,,,
A,1789626559.1249032,,2.44,19973196.0,45671364.0,65644560,,,
A,1789626560.1533928,,2.03,19975824.0,45668736.0,65644560,,,
A,1789626561.1811333,,1.95,19970720.0,45673840.0,65644560,,,
A,1789626562.2077572,,2.4,19969680.0,45674880.0,65644560,,,
A,1789626563.2371166,,4.3,19887432.0,45757128.0,65644560,,,
A,1789626564.265687,,1.62,19887856.0,45756704.0,65644560,,,
A,1789626565.2944636,,1.5,19871192.0,45773368.0,65644560,,,
A,1789626566.3225038,,1.7,19871356.0,45773204.0,65644560,,,
A,1789626567.3525994,,2.07,19861756.0,45782804.0,65644560,,,
A,1789626568.3814342,,1.82,19866024.0,45778536.0,65644560,,,
A,1789626569.4091673,,1.54,19856272.0,45788288.0,65644560,,,
A,1789626570.4371495,,1.99,19857856.0,45786704.0,65644560,,,
A,1789626571.4655364,,1.87,19858912.0,45785648.0,65644560,,,
A,1789626572.4936526,,2.28,19854168.0,45790392.0,65644560,,,
A,1789626573.5213935,,1.75,19855148.0,45789412.0,65644560,,,
A,1789626574.5493114,,1.66,19865332.0,45779228.0,65644560,,,
A,1789626575.5790315,,1.7,19868488.0,45776072.0,65644560,,,
A,1789626576.609237,,1.98,19861496.0,45783064.0,65644560,,,
A,1789626577.6388524,,2.07,19852492.0,45792068.0,65644560,,,
A,1789626578.6692846,,1.78,19850388.0,45794172.0,65644560,,,
A,1789626579.6985605,,1.62,19853840.0,45790720.0,65644560,,,
A,1789626580.7277973,,1.82,19856588.0,45787972.0,65644560,,,
A,1789626581.7582054,,1.7,19850420.0,45794140.0,65644560,,,
A,1789626582.7876704,,1.66,19856936.0,45787624.0,65644560,,,
A,1789626583.8165932,,1.78,19849660.0,45794900.0,65644560,,,
A,1789626584.8463588,,1.58,19857296.0,45787264.0,65644560,,,
B,1789628576.0,15:02:56,1.5799999999999983,19813908.0,45830652.0,65644560,,,
B,1789628577.0,15:02:57,1.1299999999999955,19803732.0,45840828.0,65644560,,,
B,1789628578.0,15:02:58,1.5400000000000063,19793220.0,45851340.0,65644560,,,
B,1789628579.0,15:02:59,1.2600000000000051,19788016.0,45856544.0,65644560,,,
B,1789628580.0,15:03:00,1.4599999999999937,19778132.0,45866428.0,65644560,,,
B,1789628581.0,15:03:01,1.5900000000000034,19775788.0,45868772.0,65644560,,,
B,1789628582.0,15:03:02,1.4599999999999937,19769632.0,45874928.0,65644560,,,
B,1789628583.0,15:03:03,1.0900000000000034,19759756.0,45884804.0,65644560,,,
B,1789628584.0,15:03:04,1.6299999999999955,19750300.0,45894260.0,65644560,,,
B,1789628585.0,15:03:05,1.5499999999999972,19748764.0,45895796.0,65644560,,,
B,1789628586.0,15:03:06,1.3400000000000034,19747024.0,45897536.0,65644560,,,
B,1789628587.0,15:03:07,1.3799999999999955,19743296.0,45901264.0,65644560,,,
B,1789628588.0,15:03:08,1.5100000000000051,19740288.0,45904272.0,65644560,,,
B,1789628589.0,15:03:09,1.5400000000000063,19734352.0,45910208.0,65644560,,,
B,1789628590.0,15:03:10,1.6700000000000017,19730888.0,45913672.0,65644560,,,
B,1789628591.0,15:03:11,1.4599999999999937,19731396.0,45913164.0,65644560,,,
B,1789628592.0,15:03:12,1.5900000000000034,19735448.0,45909112.0,65644560,,,
B,1789628593.0,15:03:13,3.519999999999996,20049712.0,45594848.0,65644560,,,
B,1789628594.0,15:03:14,3.5900000000000034,20017432.0,45627128.0,65644560,,,
B,1789628595.0,15:03:15,1.2999999999999972,19995588.0,45648972.0,65644560,,,
B,1789628596.0,15:03:16,1.3400000000000034,19973760.0,45670800.0,65644560,,,
B,1789628597.0,15:03:17,1.4200000000000017,19948388.0,45696172.0,65644560,,,
B,1789628598.0,15:03:18,1.3400000000000034,19914600.0,45729960.0,65644560,,,
B,1789628599.0,15:03:19,1.3799999999999955,19887460.0,45757100.0,65644560,,,
B,1789628600.0,15:03:20,1.4200000000000017,19873164.0,45771396.0,65644560,,,
B,1789628601.0,15:03:21,1.3400000000000034,19855136.0,45789424.0,65644560,,,
B,1789628602.0,15:03:22,2.1700000000000017,19861456.0,45783104.0,65644560,,,
B,1789628603.0,15:03:23,1.8299999999999983,19770684.0,45873876.0,65644560,,,
B,1789628604.0,15:03:24,1.2999999999999972,19761204.0,45883356.0,65644560,,,
B,1789628605.0,15:03:25,1.4599999999999937,19721128.0,45923432.0,65644560,,,
B,1789628606.0,15:03:26,1.3400000000000034,19708424.0,45936136.0,65644560,,,
B,1789628607.0,15:03:27,1.1700000000000017,19699400.0,45945160.0,65644560,,,
B,1789628608.0,15:03:28,1.3400000000000034,19693892.0,45950668.0,65644560,,,
B,1789628609.0,15:03:29,1.2099999999999937,19682192.0,45962368.0,65644560,,,
B,1789628610.0,15:03:30,1.9599999999999937,19671620.0,45972940.0,65644560,,,
B,1789628611.0,15:03:31,2.0900000000000034,19664836.0,45979724.0,65644560,,,
B,1789628612.0,15:03:32,1.4200000000000017,19667240.0,45977320.0,65644560,,,
B,1789628613.0,15:03:33,1.3799999999999955,19642004.0,46002556.0,65644560,,,
B,1789628614.0,15:03:34,1.3799999999999955,19639176.0,46005384.0,65644560,,,
B,1789628615.0,15:03:35,1.2999999999999972,19636632.0,46007928.0,65644560,,,
B,1789628616.0,15:03:36,1.6299999999999955,19627572.0,46016988.0,65644560,,,
B,1789628617.0,15:03:37,1.6299999999999955,19622764.0,46021796.0,65644560,,,
B,1789628618.0,15:03:38,1.9300000000000068,19622092.0,46022468.0,65644560,,,
B,1789628619.0,15:03:39,2.4200000000000017,19632616.0,46011944.0,65644560,,,
B,1789628620.0,15:03:40,2.6700000000000017,19647416.0,45997144.0,65644560,,,
B,1789628621.0,15:03:41,2.25,19651120.0,45993440.0,65644560,,,
B,1789628622.0,15:03:42,2.25,19649832.0,45994728.0,65644560,,,
B,1789628623.0,15:03:43,1.9599999999999937,19654260.0,45990300.0,65644560,,,
B,1789628624.0,15:03:44,1.6299999999999955,19655228.0,45989332.0,65644560,,,
B,1789628625.0,15:03:45,1.7099999999999937,19655744.0,45988816.0,65644560,,,
B,1789628626.0,15:03:46,2.0400000000000063,19666936.0,45977624.0,65644560,,,
B,1789628627.0,15:03:47,1.7099999999999937,19662436.0,45982124.0,65644560,,,
B,1789628628.0,15:03:48,1.8799999999999955,19661420.0,45983140.0,65644560,,,
B,1789628629.0,15:03:49,1.7099999999999937,19660572.0,45983988.0,65644560,,,
B,1789628630.0,15:03:50,1.4599999999999937,19654384.0,45990176.0,65644560,,,
B,1789628631.0,15:03:51,2.0400000000000063,19661360.0,45983200.0,65644560,,,
B,1789628632.0,15:03:52,2.5900000000000034,19723964.0,45920596.0,65644560,,,
B,1789628633.0,15:03:53,8.189999999999998,19871372.0,45773188.0,65644560,,,
B,1789628634.0,15:03:54,6.590000000000003,19882324.0,45762236.0,65644560,,,
B,1789628635.0,15:03:55,7.549999999999997,19925724.0,45718836.0,65644560,,,
B,1789628636.0,15:03:56,1.5799999999999983,19910916.0,45733644.0,65644560,,,
B,1789628637.0,15:03:57,1.6700000000000017,19896320.0,45748240.0,65644560,,,
B,1789628638.0,15:03:58,1.6700000000000017,19871748.0,45772812.0,65644560,,,
B,1789628639.0,15:03:59,1.7099999999999937,19859272.0,45785288.0,65644560,,,
B,1789628640.0,15:04:00,1.6700000000000017,19848308.0,45796252.0,65644560,,,
B,1789628641.0,15:04:01,1.25,19835244.0,45809316.0,65644560,,,
B,1789628642.0,15:04:02,1.5400000000000063,19825788.0,45818772.0,65644560,,,
B,1789628643.0,15:04:03,1.6700000000000017,19812104.0,45832456.0,65644560,,,
B,1789628644.0,15:04:04,1.6700000000000017,19803404.0,45841156.0,65644560,,,
B,1789628645.0,15:04:05,1.4200000000000017,19795780.0,45848780.0,65644560,,,
B,1789628646.0,15:04:06,1.7900000000000063,19785540.0,45859020.0,65644560,,,
B,1789628647.0,15:04:07,1.3799999999999955,19787296.0,45857264.0,65644560,,,
B,1789628648.0,15:04:08,1.2900000000000063,19786712.0,45857848.0,65644560,,,
B,1789628649.0,15:04:09,2.0,19774416.0,45870144.0,65644560,,,
B,1789628650.0,15:04:10,1.6800000000000068,19771364.0,45873196.0,65644560,,,
B,1789628651.0,15:04:11,1.7099999999999937,19771896.0,45872664.0,65644560,,,
B,1789628652.0,15:04:12,1.8299999999999983,19776876.0,45867684.0,65644560,,,
B,1789628653.0,15:04:13,1.5900000000000034,19774976.0,45869584.0,65644560,,,
B,1789628654.0,15:04:14,1.7099999999999937,19772692.0,45871868.0,65644560,,,
B,1789628655.0,15:04:15,1.5400000000000063,19777976.0,45866584.0,65644560,,,
B,1789628656.0,15:04:16,1.3799999999999955,19776108.0,45868452.0,65644560,,,
B,1789628657.0,15:04:17,1.5,19773888.0,45870672.0,65644560,,,
B,1789628658.0,15:04:18,1.5100000000000051,19766108.0,45878452.0,65644560,,,
B,1789628659.0,15:04:19,1.6700000000000017,19771140.0,45873420.0,65644560,,,
B,1789628660.0,15:04:20,1.7099999999999937,19769096.0,45875464.0,65644560,,,
B,1789628661.0,15:04:21,1.4599999999999937,19764624.0,45879936.0,65644560,,,
B,1789628662.0,15:04:22,1.6299999999999955,19733148.0,45911412.0,65644560,,,
B,1789628663.0,15:04:23,1.8400000000000034,19658428.0,45986132.0,65644560,,,
B,1789628664.0,15:04:24,2.7900000000000063,19662952.0,45981608.0,65644560,,,
B,1789628665.0,15:04:25,2.010000000000005,19667512.0,45977048.0,65644560,,,
B,1789628666.0,15:04:26,1.6700000000000017,19662136.0,45982424.0,65644560,,,
B,1789628667.0,15:04:27,1.6700000000000017,19665744.0,45978816.0,65644560,,,
B,1789628668.0,15:04:28,1.2999999999999972,19660832.0,45983728.0,65644560,,,
B,1789628669.0,15:04:29,1.4599999999999937,19660084.0,45984476.0,65644560,,,
B,1789628670.0,15:04:30,1.5900000000000034,19650812.0,45993748.0,65644560,,,
B,1789628671.0,15:04:31,1.4200000000000017,19654168.0,45990392.0,65644560,,,
B,1789628672.0,15:04:32,1.9599999999999937,19654556.0,45990004.0,65644560,,,
B,1789628673.0,15:04:33,1.5499999999999972,19657292.0,45987268.0,65644560,,,
B,1789628674.0,15:04:34,1.5900000000000034,19654216.0,45990344.0,65644560,,,
B,1789628675.0,15:04:35,1.4599999999999937,19654488.0,45990072.0,65644560,,,
B,1789628676.0,15:04:36,1.75,19644436.0,46000124.0,65644560,,,
B,1789628677.0,15:04:37,1.1299999999999955,19646200.0,45998360.0,65644560,,,
B,1789628678.0,15:04:38,1.2600000000000051,19644424.0,46000136.0,65644560,,,
B,1789628679.0,15:04:39,1.6700000000000017,19634060.0,46010500.0,65644560,,,
B,1789628680.0,15:04:40,1.4599999999999937,19634648.0,46009912.0,65644560,,,
B,1789628681.0,15:04:41,1.3799999999999955,19625756.0,46018804.0,65644560,,,
B,1789628682.0,15:04:42,1.5799999999999983,19622876.0,46021684.0,65644560,,,
B,1789628683.0,15:04:43,1.6700000000000017,19631900.0,46012660.0,65644560,,,
B,1789628684.0,15:04:44,1.4599999999999937,19631352.0,46013208.0,65644560,,,
B,1789628685.0,15:04:45,1.4200000000000017,19634108.0,46010452.0,65644560,,,
B,1789628686.0,15:04:46,3.549999999999997,19620452.0,46024108.0,65644560,,,
B,1789628687.0,15:04:47,2.010000000000005,19620140.0,46024420.0,65644560,,,
B,1789628688.0,15:04:48,1.5900000000000034,19616628.0,46027932.0,65644560,,,
B,1789628689.0,15:04:49,1.5499999999999972,19609648.0,46034912.0,65644560,,,
B,1789628690.0,15:04:50,1.7099999999999937,19609264.0,46035296.0,65644560,,,
B,1789628691.0,15:04:51,1.4599999999999937,19615844.0,46028716.0,65644560,,,
B,1789628692.0,15:04:52,2.760000000000005,19693420.0,45951140.0,65644560,,,
B,1789628693.0,15:04:53,8.310000000000002,19829304.0,45815256.0,65644560,,,
B,1789628694.0,15:04:54,6.810000000000002,19854976.0,45789584.0,65644560,,,
B,1789628695.0,15:04:55,5.859999999999999,19882720.0,45761840.0,65644560,,,
B,1789628696.0,15:04:56,1.4200000000000017,19886404.0,45758156.0,65644560,,,
B,1789628697.0,15:04:57,1.7099999999999937,19874384.0,45770176.0,65644560,,,
B,1789628698.0,15:04:58,1.5799999999999983,19849088.0,45795472.0,65644560,,,
B,1789628699.0,15:04:59,1.4200000000000017,19831112.0,45813448.0,65644560,,,
B,1789628700.0,15:05:00,1.75,19821116.0,45823444.0,65644560,,,
B,1789628701.0,15:05:01,1.5,19801892.0,45842668.0,65644560,,,
B,1789628702.0,15:05:02,1.5,19790784.0,45853776.0,65644560,,,
B,1789628703.0,15:05:03,1.5100000000000051,19783412.0,45861148.0,65644560,,,
B,1789628704.0,15:05:04,1.8400000000000034,19771040.0,45873520.0,65644560,,,
B,1789628705.0,15:05:05,1.4200000000000017,19765244.0,45879316.0,65644560,,,
B,1789628706.0,15:05:06,1.4200000000000017,19761296.0,45883264.0,65644560,,,
B,1789628707.0,15:05:07,1.6700000000000017,19759080.0,45885480.0,65644560,,,
B,1789628708.0,15:05:08,1.7999999999999972,19764432.0,45880128.0,65644560,,,
B,1789628709.0,15:05:09,1.5499999999999972,19750696.0,45893864.0,65644560,,,
B,1789628710.0,15:05:10,1.5,19749004.0,45895556.0,65644560,,,
B,1789628711.0,15:05:11,1.5499999999999972,19751752.0,45892808.0,65644560,,,
B,1789628712.0,15:05:12,1.8799999999999955,19791972.0,45852588.0,65644560,,,
B,1789628713.0,15:05:13,2.010000000000005,19821440.0,45823120.0,65644560,,,
B,1789628714.0,15:05:14,1.6299999999999955,19819752.0,45824808.0,65644560,,,
B,1789628715.0,15:05:15,1.5,19834040.0,45810520.0,65644560,,,
B,1789628716.0,15:05:16,1.6700000000000017,19836464.0,45808096.0,65644560,,,
B,1789628717.0,15:05:17,1.2999999999999972,19829684.0,45814876.0,65644560,,,
B,1789628718.0,15:05:18,1.4599999999999937,19825052.0,45819508.0,65644560,,,
B,1789628719.0,15:05:19,1.5900000000000034,19824360.0,45820200.0,65644560,,,
B,1789628720.0,15:05:20,1.5,19816096.0,45828464.0,65644560,,,
B,1789628721.0,15:05:21,1.4200000000000017,19810384.0,45834176.0,65644560,,,
B,1789628722.0,15:05:22,1.6700000000000017,19769992.0,45874568.0,65644560,,,
B,1789628723.0,15:05:23,1.4200000000000017,19694400.0,45950160.0,65644560,,,
B,1789628724.0,15:05:24,1.7099999999999937,19699528.0,45945032.0,65644560,,,
B,1789628725.0,15:05:25,2.3400000000000034,19699588.0,45944972.0,65644560,,,
B,1789628726.0,15:05:26,1.5100000000000051,19698576.0,45945984.0,65644560,,,
B,1789628727.0,15:05:27,1.3400000000000034,19697428.0,45947132.0,65644560,,,
B,1789628728.0,15:05:28,1.4599999999999937,19697644.0,45946916.0,65644560,,,
B,1789628729.0,15:05:29,1.6299999999999955,19659636.0,45984924.0,65644560,,,
B,1789628730.0,15:05:30,1.7099999999999937,19658012.0,45986548.0,65644560,,,
B,1789628731.0,15:05:31,1.7999999999999972,19651664.0,45992896.0,65644560,,,
B,1789628732.0,15:05:32,1.5400000000000063,19624224.0,46020336.0,65644560,,,
B,1789628733.0,15:05:33,1.3799999999999955,19622744.0,46021816.0,65644560,,,
B,1789628734.0,15:05:34,1.25,19622760.0,46021800.0,65644560,,,
B,1789628735.0,15:05:35,1.4599999999999937,19623520.0,46021040.0,65644560,,,
B,1789628736.0,15:05:36,2.010000000000005,19620248.0,46024312.0,65644560,,,
B,1789628737.0,15:05:37,1.3400000000000034,19620020.0,46024540.0,65644560,,,
B,1789628738.0,15:05:38,1.2999999999999972,19616248.0,46028312.0,65644560,,,
B,1789628739.0,15:05:39,1.5900000000000034,19624316.0,46020244.0,65644560,,,
B,1789628740.0,15:05:40,1.4599999999999937,19630304.0,46014256.0,65644560,,,
B,1789628741.0,15:05:41,1.25,19627028.0,46017532.0,65644560,,,
B,1789628742.0,15:05:42,1.6299999999999955,19623516.0,46021044.0,65644560,,,
B,1789628743.0,15:05:43,1.5100000000000051,19621900.0,46022660.0,65644560,,,
B,1789628744.0,15:05:44,1.7099999999999937,19626120.0,46018440.0,65644560,,,
B,1789628745.0,15:05:45,1.5499999999999972,19626584.0,46017976.0,65644560,,,
B,1789628746.0,15:05:46,1.5,19625564.0,46018996.0,65644560,,,
B,1789628747.0,15:05:47,2.3900000000000006,19619924.0,46024636.0,65644560,,,
B,1789628748.0,15:05:48,2.9200000000000017,19967824.0,45676736.0,65644560,,,
B,1789628749.0,15:05:49,1.2999999999999972,19962528.0,45682032.0,65644560,,,
B,1789628750.0,15:05:50,1.4200000000000017,19947192.0,45697368.0,65644560,,,
B,1789628751.0,15:05:51,1.7900000000000063,19928760.0,45715800.0,65644560,,,
B,1789628752.0,15:05:52,3.9000000000000057,19904428.0,45740132.0,65644560,,,
B,1789628753.0,15:05:53,9.310000000000002,19994572.0,45649988.0,65644560,,,
B,1789628754.0,15:05:54,6.849999999999994,20003124.0,45641436.0,65644560,,,
B,1789628755.0,15:05:55,5.3799999999999955,20011564.0,45632996.0,65644560,,,
B,1789628756.0,15:05:56,1.7099999999999937,19986328.0,45658232.0,65644560,,,
B,1789628757.0,15:05:57,1.4599999999999937,19954704.0,45689856.0,65644560,,,
B,1789628758.0,15:05:58,1.6299999999999955,19931608.0,45712952.0,65644560,,,
B,1789628759.0,15:05:59,1.4599999999999937,19913664.0,45730896.0,65644560,,,
B,1789628760.0,15:06:00,1.5499999999999972,19894256.0,45750304.0,65644560,,,
B,1789628761.0,15:06:01,1.6299999999999955,19864444.0,45780116.0,65644560,,,
B,1789628762.0,15:06:02,1.4599999999999937,19852636.0,45791924.0,65644560,,,
B,1789628763.0,15:06:03,1.5499999999999972,19837556.0,45807004.0,65644560,,,
B,1789628764.0,15:06:04,2.0900000000000034,19842632.0,45801928.0,65644560,,,
B,1789628765.0,15:06:05,1.5900000000000034,19830988.0,45813572.0,65644560,,,
B,1789628766.0,15:06:06,1.4200000000000017,19821176.0,45823384.0,65644560,,,
B,1789628767.0,15:06:07,1.5499999999999972,19817032.0,45827528.0,65644560,,,
B,1789628768.0,15:06:08,1.4200000000000017,19818168.0,45826392.0,65644560,,,
B,1789628769.0,15:06:09,1.75,19813580.0,45830980.0,65644560,,,
B,1789628770.0,15:06:10,1.3799999999999955,19801272.0,45843288.0,65644560,,,
B,1789628771.0,15:06:11,1.6299999999999955,19812228.0,45832332.0,65644560,,,
B,1789628772.0,15:06:12,1.4200000000000017,19812764.0,45831796.0,65644560,,,
B,1789628773.0,15:06:13,1.75,19805624.0,45838936.0,65644560,,,
B,1789628774.0,15:06:14,1.4200000000000017,19797704.0,45846856.0,65644560,,,
B,1789628775.0,15:06:15,1.7099999999999937,19799556.0,45845004.0,65644560,,,
B,1789628776.0,15:06:16,1.4200000000000017,19797512.0,45847048.0,65644560,,,
B,1789628777.0,15:06:17,1.0900000000000034,19793068.0,45851492.0,65644560,,,
B,1789628778.0,15:06:18,1.6200000000000045,19788792.0,45855768.0,65644560,,,
B,1789628779.0,15:06:19,1.2099999999999937,19791772.0,45852788.0,65644560,,,
B,1789628780.0,15:06:20,1.7099999999999937,19785280.0,45859280.0,65644560,,,
B,1789628781.0,15:06:21,1.4200000000000017,19787592.0,45856968.0,65644560,,,
B,1789628782.0,15:06:22,1.9599999999999937,19781196.0,45863364.0,65644560,,,
B,1789628783.0,15:06:23,1.6700000000000017,19707088.0,45937472.0,65644560,,,
B,1789628784.0,15:06:24,1.6299999999999955,19702520.0,45942040.0,65644560,,,
B,1789628785.0,15:06:25,2.3799999999999955,19713420.0,45931140.0,65644560,,,
B,1789628786.0,15:06:26,1.4599999999999937,19714680.0,45929880.0,65644560,,,
B,1789628787.0,15:06:27,1.6299999999999955,19715004.0,45929556.0,65644560,,,
B,1789628788.0,15:06:28,1.3799999999999955,19716336.0,45928224.0,65644560,,,
B,1789628789.0,15:06:29,1.4599999999999937,19718692.0,45925868.0,65644560,,,
B,1789628790.0,15:06:30,1.5400000000000063,19713292.0,45931268.0,65644560,,,
B,1789628791.0,15:06:31,1.3799999999999955,19705312.0,45939248.0,65644560,,,
B,1789628792.0,15:06:32,1.5499999999999972,19707472.0,45937088.0,65644560,,,
B,1789628793.0,15:06:33,1.5,19704804.0,45939756.0,65644560,,,
B,1789628794.0,15:06:34,1.5,19703836.0,45940724.0,65644560,,,
B,1789628795.0,15:06:35,1.7600000000000051,19705944.0,45938616.0,65644560,,,
B,1789628796.0,15:06:36,1.7999999999999972,19696452.0,45948108.0,65644560,,,
B,1789628797.0,15:06:37,2.549999999999997,19706776.0,45937784.0,65644560,,,
B,1789628798.0,15:06:38,3.180000000000007,19706892.0,45937668.0,65644560,,,
B,1789628799.0,15:06:39,3.0600000000000023,19709860.0,45934700.0,65644560,,,
B,1789628800.0,15:06:40,2.680000000000007,19674692.0,45969868.0,65644560,,,
B,1789628801.0,15:06:41,1.3799999999999955,19674468.0,45970092.0,65644560,,,
B,1789628802.0,15:06:42,2.3799999999999955,19673556.0,45971004.0,65644560,,,
B,1789628803.0,15:06:43,2.510000000000005,19690740.0,45953820.0,65644560,,,
B,1789628804.0,15:06:44,1.7999999999999972,19691264.0,45953296.0,65644560,,,
B,1789628805.0,15:06:45,1.6700000000000017,19687108.0,45957452.0,65644560,,,
B,1789628806.0,15:06:46,1.4200000000000017,19691272.0,45953288.0,65644560,,,
B,1789628807.0,15:06:47,1.6700000000000017,19682720.0,45961840.0,65644560,,,
B,1789628808.0,15:06:48,1.4599999999999937,19688512.0,45956048.0,65644560,,,
B,1789628809.0,15:06:49,1.3400000000000034,19683152.0,45961408.0,65644560,,,
B,1789628810.0,15:06:50,1.4200000000000017,19682268.0,45962292.0,65644560,,,
B,1789628811.0,15:06:51,1.5900000000000034,19686212.0,45958348.0,65644560,,,
B,1789628812.0,15:06:52,2.510000000000005,19735600.0,45908960.0,65644560,,,
B,1789628813.0,15:06:53,8.129999999999995,19845664.0,45798896.0,65644560,,,
B,1789628814.0,15:06:54,6.280000000000001,19874976.0,45769584.0,65644560,,,
B,1789628815.0,15:06:55,7.5,19915272.0,45729288.0,65644560,,,
B,1789628816.0,15:06:56,1.3799999999999955,19907192.0,45737368.0,65644560,,,
B,1789628817.0,15:06:57,1.5499999999999972,19898624.0,45745936.0,65644560,,,
B,1789628818.0,15:06:58,1.5900000000000034,19881000.0,45763560.0,65644560,,,
B,1789628819.0,15:06:59,1.5,19867192.0,45777368.0,65644560,,,
B,1789628820.0,15:07:00,2.1299999999999955,19861364.0,45783196.0,65644560,,,
B,1789628821.0,15:07:01,4.1200000000000045,19859632.0,45784928.0,65644560,,,
B,1789628822.0,15:07:02,1.9200000000000017,19847220.0,45797340.0,65644560,,,
B,1789628823.0,15:07:03,1.6700000000000017,19822620.0,45821940.0,65644560,,,
B,1789628824.0,15:07:04,2.049999999999997,19817800.0,45826760.0,65644560,,,
B,1789628825.0,15:07:05,2.25,19814140.0,45830420.0,65644560,,,
B,1789628826.0,15:07:06,1.7600000000000051,19806844.0,45837716.0,65644560,,,
B,1789628827.0,15:07:07,2.2099999999999937,19798804.0,45845756.0,65644560,,,
B,1789628828.0,15:07:08,1.8799999999999955,19796396.0,45848164.0,65644560,,,
B,1789628829.0,15:07:09,3.010000000000005,19789308.0,45855252.0,65644560,,,
B,1789628830.0,15:07:10,3.3400000000000034,19791368.0,45853192.0,65644560,,,
B,1789628831.0,15:07:11,1.4599999999999937,19790580.0,45853980.0,65644560,,,
B,1789628832.0,15:07:12,1.5499999999999972,19789844.0,45854716.0,65644560,,,
B,1789628833.0,15:07:13,1.6299999999999955,19778892.0,45865668.0,65644560,,,
B,1789628834.0,15:07:14,1.2600000000000051,19767320.0,45877240.0,65644560,,,
B,1789628835.0,15:07:15,1.7099999999999937,19768712.0,45875848.0,65644560,,,
B,1789628836.0,15:07:16,1.2900000000000063,19767324.0,45877236.0,65644560,,,
B,1789628837.0,15:07:17,1.4200000000000017,19763336.0,45881224.0,65644560,,,
B,1789628838.0,15:07:18,1.3400000000000034,19761920.0,45882640.0,65644560,,,
B,1789628839.0,15:07:19,2.1700000000000017,19770784.0,45873776.0,65644560,,,
B,1789628840.0,15:07:20,1.8400000000000034,19768140.0,45876420.0,65644560,,,
B,1789628841.0,15:07:21,3.6500000000000057,19871788.0,45772772.0,65644560,,,
B,1789628842.0,15:07:22,12.430000000000007,20278848.0,45365712.0,65644560,,,
B,1789628843.0,15:07:23,7.840000000000003,20350604.0,45293956.0,65644560,,,
B,1789628844.0,15:07:24,9.75,20349208.0,45295352.0,65644560,,,
B,1789628845.0,15:07:25,13.599999999999994,20444976.0,45199584.0,65644560,,,
B,1789628846.0,15:07:26,11.430000000000007,20451264.0,45193296.0,65644560,,,
B,1789628847.0,15:07:27,2.799999999999997,20446540.0,45198020.0,65644560,,,
B,1789628848.0,15:07:28,2.4200000000000017,20433572.0,45210988.0,65644560,,,
B,1789628849.0,15:07:29,2.1299999999999955,20427656.0,45216904.0,65644560,,,
B,1789628850.0,15:07:30,2.7099999999999937,20418636.0,45225924.0,65644560,,,
B,1789628851.0,15:07:31,2.469999999999999,20413460.0,45231100.0,65644560,,,
B,1789628852.0,15:07:32,3.3100000000000023,20400552.0,45244008.0,65644560,,,
B,1789628853.0,15:07:33,2.3400000000000034,20387652.0,45256908.0,65644560,,,
B,1789628854.0,15:07:34,2.2099999999999937,20378112.0,45266448.0,65644560,,,
B,1789628855.0,15:07:35,4.099999999999994,20328964.0,45315596.0,65644560,,,
B,1789628856.0,15:07:36,2.469999999999999,20295384.0,45349176.0,65644560,,,
B,1789628857.0,15:07:37,2.260000000000005,20283212.0,45361348.0,65644560,,,
B,1789628858.0,15:07:38,2.4599999999999937,20282076.0,45362484.0,65644560,,,
B,1789628859.0,15:07:39,2.0900000000000034,20276444.0,45368116.0,65644560,,,
B,1789628860.0,15:07:40,2.680000000000007,20227728.0,45416832.0,65644560,,,
B,1789628861.0,15:07:41,2.799999999999997,20226176.0,45418384.0,65644560,,,
B,1789628862.0,15:07:42,2.3400000000000034,20216300.0,45428260.0,65644560,,,
B,1789628863.0,15:07:43,2.469999999999999,20215464.0,45429096.0,65644560,,,
B,1789628864.0,15:07:44,2.3799999999999955,20213696.0,45430864.0,65644560,,,
B,1789628865.0,15:07:45,2.0900000000000034,20210276.0,45434284.0,65644560,,,
B,1789628866.0,15:07:46,2.0900000000000034,20203432.0,45441128.0,65644560,,,
B,1789628867.0,15:07:47,2.9599999999999937,20196624.0,45447936.0,65644560,,,
B,1789628868.0,15:07:48,2.1700000000000017,20191296.0,45453264.0,65644560,,,
B,1789628869.0,15:07:49,2.1299999999999955,20193056.0,45451504.0,65644560,,,
B,1789628870.0,15:07:50,1.8799999999999955,20189188.0,45455372.0,65644560,,,
B,1789628871.0,15:07:51,2.549999999999997,20189664.0,45454896.0,65644560,,,
B,1789628872.0,15:07:52,3.4599999999999937,20109128.0,45535432.0,65644560,,,
B,1789628873.0,15:07:53,3.180000000000007,20073332.0,45571228.0,65644560,,,
B,1789628874.0,15:07:54,1.8900000000000006,20073620.0,45570940.0,65644560,,,
B,1789628875.0,15:07:55,2.430000000000007,20052672.0,45591888.0,65644560,,,
C,1789629086.0,15:11:26,2.3799999999999955,20071660.0,45572900.0,65644560,,,
C,1789629087.0,15:11:27,2.010000000000005,20065508.0,45579052.0,65644560,,,
C,1789629088.0,15:11:28,2.299999999999997,20062160.0,45582400.0,65644560,,,
C,1789629089.0,15:11:29,1.8799999999999955,20061180.0,45583380.0,65644560,,,
C,1789629090.0,15:11:30,2.0900000000000034,20058192.0,45586368.0,65644560,,,
C,1789629091.0,15:11:31,2.1700000000000017,20046412.0,45598148.0,65644560,,,
C,1789629092.0,15:11:32,1.7199999999999989,20046948.0,45597612.0,65644560,,,
C,1789629093.0,15:11:33,2.0,20043484.0,45601076.0,65644560,,,
C,1789629094.0,15:11:34,2.1700000000000017,20043072.0,45601488.0,65644560,,,
C,1789629095.0,15:11:35,2.0900000000000034,20045312.0,45599248.0,65644560,,,
C,1789629096.0,15:11:36,1.9200000000000017,20047848.0,45596712.0,65644560,,,
C,1789629097.0,15:11:37,2.510000000000005,20038440.0,45606120.0,65644560,,,
C,1789629098.0,15:11:38,3.6400000000000006,20008500.0,45636060.0,65644560,,,
C,1789629099.0,15:11:39,1.9200000000000017,20009964.0,45634596.0,65644560,,,
C,1789629100.0,15:11:40,2.549999999999997,20016576.0,45627984.0,65644560,,,
C,1789629101.0,15:11:41,2.549999999999997,20017348.0,45627212.0,65644560,,,
C,1789629102.0,15:11:42,3.260000000000005,20031988.0,45612572.0,65644560,,,
C,1789629103.0,15:11:43,3.930000000000007,20031796.0,45612764.0,65644560,,,
C,1789629104.0,15:11:44,2.0900000000000034,20029364.0,45615196.0,65644560,,,
C,1789629105.0,15:11:45,1.7999999999999972,20024732.0,45619828.0,65644560,,,
C,1789629106.0,15:11:46,2.25,20027840.0,45616720.0,65644560,,,
C,1789629107.0,15:11:47,2.049999999999997,20031344.0,45613216.0,65644560,,,
C,1789629108.0,15:11:48,2.6700000000000017,20026748.0,45617812.0,65644560,,,
C,1789629109.0,15:11:49,2.0400000000000063,20020584.0,45623976.0,65644560,,,
C,1789629110.0,15:11:50,1.6299999999999955,20021000.0,45623560.0,65644560,,,
C,1789629111.0,15:11:51,2.1200000000000045,20021352.0,45623208.0,65644560,,,
C,1789629112.0,15:11:52,3.260000000000005,20085472.0,45559088.0,65644560,,,
C,1789629113.0,15:11:53,8.530000000000001,20197376.0,45447184.0,65644560,,,
C,1789629114.0,15:11:54,6.900000000000006,20185012.0,45459548.0,65644560,,,
C,1789629115.0,15:11:55,6.180000000000007,20226540.0,45418020.0,65644560,,,
C,1789629116.0,15:11:56,1.7199999999999989,20230172.0,45414388.0,65644560,,,
C,1789629117.0,15:11:57,1.9200000000000017,20222556.0,45422004.0,65644560,,,
C,1789629118.0,15:11:58,2.049999999999997,20207668.0,45436892.0,65644560,,,
C,1789629119.0,15:11:59,2.4200000000000017,20196984.0,45447576.0,65644560,,,
C,1789629120.0,15:12:00,1.6299999999999955,20185552.0,45459008.0,65644560,,,
C,1789629121.0,15:12:01,1.9200000000000017,20173464.0,45471096.0,65644560,,,
C,1789629122.0,15:12:02,1.8400000000000034,20164676.0,45479884.0,65644560,,,
C,1789629123.0,15:12:03,1.7099999999999937,20156332.0,45488228.0,65644560,,,
C,1789629124.0,15:12:04,1.8799999999999955,20144632.0,45499928.0,65644560,,,
C,1789629125.0,15:12:05,1.7099999999999937,20139788.0,45504772.0,65644560,,,
C,1789629126.0,15:12:06,1.8799999999999955,20140068.0,45504492.0,65644560,,,
C,1789629127.0,15:12:07,1.7900000000000063,20140968.0,45503592.0,65644560,,,
C,1789629128.0,15:12:08,1.7099999999999937,20134360.0,45510200.0,65644560,,,
C,1789629129.0,15:12:09,2.2099999999999937,20136408.0,45508152.0,65644560,,,
C,1789629130.0,15:12:10,2.049999999999997,20130032.0,45514528.0,65644560,,,
C,1789629131.0,15:12:11,1.8400000000000034,20128956.0,45515604.0,65644560,,,
C,1789629132.0,15:12:12,1.9599999999999937,20132424.0,45512136.0,65644560,,,
C,1789629133.0,15:12:13,1.8799999999999955,20128716.0,45515844.0,65644560,,,
C,1789629134.0,15:12:14,2.010000000000005,20130208.0,45514352.0,65644560,,,
C,1789629135.0,15:12:15,1.9200000000000017,20120872.0,45523688.0,65644560,,,
C,1789629136.0,15:12:16,1.9599999999999937,20120880.0,45523680.0,65644560,,,
C,1789629137.0,15:12:17,1.5900000000000034,20129020.0,45515540.0,65644560,,,
C,1789629138.0,15:12:18,1.7900000000000063,20128992.0,45515568.0,65644560,,,
C,1789629139.0,15:12:19,1.7600000000000051,20129292.0,45515268.0,65644560,,,
C,1789629140.0,15:12:20,1.9599999999999937,20129304.0,45515256.0,65644560,,,
C,1789629141.0,15:12:21,2.0400000000000063,20116968.0,45527592.0,65644560,,,
C,1789629142.0,15:12:22,2.2099999999999937,20089696.0,45554864.0,65644560,,,
C,1789629143.0,15:12:23,2.0,20015124.0,45629436.0,65644560,,,
C,1789629144.0,15:12:24,1.9200000000000017,20020120.0,45624440.0,65644560,,,
C,1789629145.0,15:12:25,2.260000000000005,20032800.0,45611760.0,65644560,,,
C,1789629146.0,15:12:26,1.6800000000000068,20025952.0,45618608.0,65644560,,,
C,1789629147.0,15:12:27,1.6299999999999955,20021752.0,45622808.0,65644560,,,
C,1789629148.0,15:12:28,2.1299999999999955,20021344.0,45623216.0,65644560,,,
C,1789629149.0,15:12:29,1.5900000000000034,20025496.0,45619064.0,65644560,,,
C,1789629150.0,15:12:30,3.010000000000005,20027956.0,45616604.0,65644560,,,
C,1789629151.0,15:12:31,3.930000000000007,20027992.0,45616568.0,65644560,,,
C,1789629152.0,15:12:32,1.7099999999999937,20030604.0,45613956.0,65644560,,,
C,1789629153.0,15:12:33,2.0400000000000063,20025560.0,45619000.0,65644560,,,
C,1789629154.0,15:12:34,1.5499999999999972,20024172.0,45620388.0,65644560,,,
C,1789629155.0,15:12:35,1.8799999999999955,20028432.0,45616128.0,65644560,,,
C,1789629156.0,15:12:36,1.5499999999999972,20028212.0,45616348.0,65644560,,,
C,1789629157.0,15:12:37,1.6800000000000068,20013248.0,45631312.0,65644560,,,
C,1789629158.0,15:12:38,1.8799999999999955,20012364.0,45632196.0,65644560,,,
C,1789629159.0,15:12:39,1.9300000000000068,20011108.0,45633452.0,65644560,,,
C,1789629160.0,15:12:40,2.0900000000000034,20010760.0,45633800.0,65644560,,,
C,1789629161.0,15:12:41,2.2099999999999937,20007108.0,45637452.0,65644560,,,
C,1789629162.0,15:12:42,3.0999999999999943,20011376.0,45633184.0,65644560,,,
C,1789629163.0,15:12:43,1.8400000000000034,20017676.0,45626884.0,65644560,,,
C,1789629164.0,15:12:44,1.8799999999999955,20017612.0,45626948.0,65644560,,,
C,1789629165.0,15:12:45,1.9200000000000017,20019924.0,45624636.0,65644560,,,
C,1789629166.0,15:12:46,1.9200000000000017,20019608.0,45624952.0,65644560,,,
C,1789629167.0,15:12:47,2.049999999999997,20026824.0,45617736.0,65644560,,,
C,1789629168.0,15:12:48,2.1299999999999955,20020156.0,45624404.0,65644560,,,
C,1789629169.0,15:12:49,1.8799999999999955,20019212.0,45625348.0,65644560,,,
C,1789629170.0,15:12:50,1.9200000000000017,20018756.0,45625804.0,65644560,,,
C,1789629171.0,15:12:51,2.0900000000000034,20019736.0,45624824.0,65644560,,,
C,1789629172.0,15:12:52,3.5999999999999943,20088008.0,45556552.0,65644560,,,
C,1789629173.0,15:12:53,8.659999999999997,20225052.0,45419508.0,65644560,,,
C,1789629174.0,15:12:54,7.799999999999997,20260744.0,45383816.0,65644560,,,
C,1789629175.0,15:12:55,6.810000000000002,20285236.0,45359324.0,65644560,,,
C,1789629176.0,15:12:56,2.0900000000000034,20276160.0,45368400.0,65644560,,,
C,1789629177.0,15:12:57,2.0900000000000034,20259540.0,45385020.0,65644560,,,
C,1789629178.0,15:12:58,2.0400000000000063,20241084.0,45403476.0,65644560,,,
C,1789629179.0,15:12:59,2.3799999999999955,20214304.0,45430256.0,65644560,,,
C,1789629180.0,15:13:00,2.2900000000000063,20201608.0,45442952.0,65644560,,,
C,1789629181.0,15:13:01,1.9699999999999989,20189444.0,45455116.0,65644560,,,
C,1789629182.0,15:13:02,2.6299999999999955,20176004.0,45468556.0,65644560,,,
C,1789629183.0,15:13:03,1.9200000000000017,20171520.0,45473040.0,65644560,,,
C,1789629184.0,15:13:04,2.219999999999999,20160692.0,45483868.0,65644560,,,
C,1789629185.0,15:13:05,2.0,20149404.0,45495156.0,65644560,,,
C,1789629186.0,15:13:06,3.4200000000000017,20177848.0,45466712.0,65644560,,,
C,1789629187.0,15:13:07,2.760000000000005,20178860.0,45465700.0,65644560,,,
C,1789629188.0,15:13:08,2.1700000000000017,20171512.0,45473048.0,65644560,,,
C,1789629189.0,15:13:09,2.3400000000000034,20172992.0,45471568.0,65644560,,,
C,1789629190.0,15:13:10,2.3400000000000034,20162696.0,45481864.0,65644560,,,
C,1789629191.0,15:13:11,1.9599999999999937,20167924.0,45476636.0,65644560,,,
C,1789629192.0,15:13:12,2.510000000000005,20171156.0,45473404.0,65644560,,,
C,1789629193.0,15:13:13,3.010000000000005,20212140.0,45432420.0,65644560,,,
C,1789629194.0,15:13:14,4.719999999999999,20528500.0,45116060.0,65644560,,,
C,1789629195.0,15:13:15,2.2099999999999937,20494168.0,45150392.0,65644560,,,
C,1789629196.0,15:13:16,2.1700000000000017,20455792.0,45188768.0,65644560,,,
C,1789629197.0,15:13:17,2.1700000000000017,20414668.0,45229892.0,65644560,,,
C,1789629198.0,15:13:18,2.010000000000005,20380984.0,45263576.0,65644560,,,
C,1789629199.0,15:13:19,2.0,20360520.0,45284040.0,65644560,,,
C,1789629200.0,15:13:20,2.0900000000000034,20328044.0,45316516.0,65644560,,,
C,1789629201.0,15:13:21,2.2099999999999937,20297488.0,45347072.0,65644560,,,
C,1789629202.0,15:13:22,2.7900000000000063,20238232.0,45406328.0,65644560,,,
C,1789629203.0,15:13:23,2.8100000000000023,20158472.0,45486088.0,65644560,,,
C,1789629204.0,15:13:24,2.1200000000000045,20150740.0,45493820.0,65644560,,,
C,1789629205.0,15:13:25,2.0900000000000034,20122576.0,45521984.0,65644560,,,
C,1789629206.0,15:13:26,2.0900000000000034,20078892.0,45565668.0,65644560,,,
C,1789629207.0,15:13:27,2.510000000000005,20076764.0,45567796.0,65644560,,,
C,1789629208.0,15:13:28,2.25,20068520.0,45576040.0,65644560,,,
C,1789629209.0,15:13:29,1.8400000000000034,20051424.0,45593136.0,65644560,,,
C,1789629210.0,15:13:30,1.7600000000000051,20050480.0,45594080.0,65644560,,,
C,1789629211.0,15:13:31,2.2099999999999937,20053972.0,45590588.0,65644560,,,
C,1789629212.0,15:13:32,2.3799999999999955,20044072.0,45600488.0,65644560,,,
C,1789629213.0,15:13:33,2.0900000000000034,20046092.0,45598468.0,65644560,,,
C,1789629214.0,15:13:34,2.2099999999999937,20038196.0,45606364.0,65644560,,,
C,1789629215.0,15:13:35,2.1700000000000017,20029500.0,45615060.0,65644560,,,
C,1789629216.0,15:13:36,2.0900000000000034,20029276.0,45615284.0,65644560,,,
C,1789629217.0,15:13:37,2.760000000000005,20025260.0,45619300.0,65644560,,,
C,1789629218.0,15:13:38,4.180000000000007,20037636.0,45606924.0,65644560,,,
C,1789629219.0,15:13:39,2.049999999999997,20038788.0,45605772.0,65644560,,,
C,1789629220.0,15:13:40,1.7999999999999972,20040444.0,45604116.0,65644560,,,
C,1789629221.0,15:13:41,1.7600000000000051,20035196.0,45609364.0,65644560,,,
C,1789629222.0,15:13:42,2.4200000000000017,20034164.0,45610396.0,65644560,,,
C,1789629223.0,15:13:43,2.3799999999999955,20032164.0,45612396.0,65644560,,,
C,1789629224.0,15:13:44,1.9200000000000017,20039456.0,45605104.0,65644560,,,
C,1789629225.0,15:13:45,1.7600000000000051,20040036.0,45604524.0,65644560,,,
C,1789629226.0,15:13:46,1.75,20031904.0,45612656.0,65644560,,,
C,1789629227.0,15:13:47,1.7199999999999989,20034340.0,45610220.0,65644560,,,
C,1789629228.0,15:13:48,2.049999999999997,20027496.0,45617064.0,65644560,,,
C,1789629229.0,15:13:49,1.8400000000000034,20025952.0,45618608.0,65644560,,,
C,1789629230.0,15:13:50,1.7999999999999972,20025088.0,45619472.0,65644560,,,
C,1789629231.0,15:13:51,1.9200000000000017,20036312.0,45608248.0,65644560,,,
C,1789629232.0,15:13:52,3.719999999999999,20122428.0,45522132.0,65644560,,,
C,1789629233.0,15:13:53,8.349999999999994,20265840.0,45378720.0,65644560,,,
C,1789629234.0,15:13:54,7.030000000000001,20233416.0,45411144.0,65644560,,,
C,1789629235.0,15:13:55,6.680000000000007,20266256.0,45378304.0,65644560,,,
C,1789629236.0,15:13:56,1.9599999999999937,20263568.0,45380992.0,65644560,,,
C,1789629237.0,15:13:57,6.569999999999993,20258644.0,45385916.0,65644560,,,
C,1789629238.0,15:13:58,6.760000000000005,20244016.0,45400544.0,65644560,,,
C,1789629239.0,15:13:59,4.150000000000006,20232528.0,45412032.0,65644560,,,
C,1789629240.0,15:14:00,1.9599999999999937,20221580.0,45422980.0,65644560,,,
C,1789629241.0,15:14:01,1.7099999999999937,20206792.0,45437768.0,65644560,,,
C,1789629242.0,15:14:02,2.260000000000005,20207700.0,45436860.0,65644560,,,
C,1789629243.0,15:14:03,2.0900000000000034,20196196.0,45448364.0,65644560,,,
C,1789629244.0,15:14:04,2.3799999999999955,20183456.0,45461104.0,65644560,,,
C,1789629245.0,15:14:05,1.9200000000000017,20177044.0,45467516.0,65644560,,,
C,1789629246.0,15:14:06,1.7199999999999989,20166956.0,45477604.0,65644560,,,
C,1789629247.0,15:14:07,3.5900000000000034,20189244.0,45455316.0,65644560,,,
C,1789629248.0,15:14:08,1.5900000000000034,20189004.0,45455556.0,65644560,,,
C,1789629249.0,15:14:09,2.0900000000000034,20192604.0,45451956.0,65644560,,,
C,1789629250.0,15:14:10,2.299999999999997,20191240.0,45453320.0,65644560,,,
C,1789629251.0,15:14:11,2.25,20197880.0,45446680.0,65644560,,,
C,1789629252.0,15:14:12,2.8400000000000034,20213548.0,45431012.0,65644560,,,
C,1789629253.0,15:14:13,2.2099999999999937,20212116.0,45432444.0,65644560,,,
C,1789629254.0,15:14:14,2.1700000000000017,20207948.0,45436612.0,65644560,,,
C,1789629255.0,15:14:15,2.1700000000000017,20199264.0,45445296.0,65644560,,,
C,1789629256.0,15:14:16,2.1299999999999955,20197440.0,45447120.0,65644560,,,
C,1789629257.0,15:14:17,2.049999999999997,20190832.0,45453728.0,65644560,,,
C,1789629258.0,15:14:18,2.1299999999999955,20186724.0,45457836.0,65644560,,,
C,1789629259.0,15:14:19,2.2099999999999937,20193660.0,45450900.0,65644560,,,
C,1789629260.0,15:14:20,2.010000000000005,20196040.0,45448520.0,65644560,,,
C,1789629261.0,15:14:21,2.4200000000000017,20183752.0,45460808.0,65644560,,,
C,1789629262.0,15:14:22,2.760000000000005,20194056.0,45450504.0,65644560,,,
C,1789629263.0,15:14:23,2.3799999999999955,20076608.0,45567952.0,65644560,,,
C,1789629264.0,15:14:24,2.3700000000000045,20069264.0,45575296.0,65644560,,,
C,1789629265.0,15:14:25,2.3799999999999955,20065964.0,45578596.0,65644560,,,
C,1789629266.0,15:14:26,2.049999999999997,20055384.0,45589176.0,65644560,,,
C,1789629267.0,15:14:27,2.2900000000000063,20053112.0,45591448.0,65644560,,,
C,1789629268.0,15:14:28,2.0,20056800.0,45587760.0,65644560,,,
C,1789629269.0,15:14:29,1.8799999999999955,20056004.0,45588556.0,65644560,,,
C,1789629270.0,15:14:30,2.0,20054016.0,45590544.0,65644560,,,
C,1789629271.0,15:14:31,2.1700000000000017,20059820.0,45584740.0,65644560,,,
C,1789629272.0,15:14:32,2.7900000000000063,20057284.0,45587276.0,65644560,,,
C,1789629273.0,15:14:33,2.3400000000000034,20064940.0,45579620.0,65644560,,,
C,1789629274.0,15:14:34,2.1299999999999955,20059912.0,45584648.0,65644560,,,
C,1789629275.0,15:14:35,2.25,20062740.0,45581820.0,65644560,,,
C,1789629276.0,15:14:36,2.0400000000000063,20065064.0,45579496.0,65644560,,,
C,1789629277.0,15:14:37,2.260000000000005,20059744.0,45584816.0,65644560,,,
C,1789629278.0,15:14:38,2.0900000000000034,20057828.0,45586732.0,65644560,,,
C,1789629279.0,15:14:39,2.2099999999999937,20061060.0,45583500.0,65644560,,,
C,1789629280.0,15:14:40,2.1700000000000017,20059500.0,45585060.0,65644560,,,
C,1789629281.0,15:14:41,2.049999999999997,20058440.0,45586120.0,65644560,,,
C,1789629282.0,15:14:42,2.2099999999999937,20059388.0,45585172.0,65644560,,,
C,1789629283.0,15:14:43,2.3799999999999955,20059844.0,45584716.0,65644560,,,
C,1789629284.0,15:14:44,4.469999999999999,20066944.0,45577616.0,65644560,,,
C,1789629285.0,15:14:45,2.6400000000000006,20076180.0,45568380.0,65644560,,,
C,1789629286.0,15:14:46,2.1299999999999955,20078848.0,45565712.0,65644560,,,
C,1789629287.0,15:14:47,2.0,20081476.0,45563084.0,65644560,,,
C,1789629288.0,15:14:48,1.9200000000000017,20075600.0,45568960.0,65644560,,,
C,1789629289.0,15:14:49,1.9599999999999937,20061500.0,45583060.0,65644560,,,
C,1789629290.0,15:14:50,1.9599999999999937,20061380.0,45583180.0,65644560,,,
C,1789629291.0,15:14:51,1.8400000000000034,20064020.0,45580540.0,65644560,,,
C,1789629292.0,15:14:52,3.549999999999997,20115188.0,45529372.0,65644560,,,
C,1789629293.0,15:14:53,8.379999999999995,20268552.0,45376008.0,65644560,,,
C,1789629294.0,15:14:54,7.230000000000004,20298924.0,45345636.0,65644560,,,
C,1789629295.0,15:14:55,5.730000000000004,20306928.0,45337632.0,65644560,,,
C,1789629296.0,15:14:56,2.989999999999995,20284460.0,45360100.0,65644560,,,
C,1789629297.0,15:14:57,2.5400000000000063,20274312.0,45370248.0,65644560,,,
C,1789629298.0,15:14:58,2.1299999999999955,20261376.0,45383184.0,65644560,,,
C,1789629299.0,15:14:59,3.0900000000000034,20240888.0,45403672.0,65644560,,,
C,1789629300.0,15:15:00,3.260000000000005,20235220.0,45409340.0,65644560,,,
C,1789629301.0,15:15:01,3.3900000000000006,20225200.0,45419360.0,65644560,,,
C,1789629302.0,15:15:02,2.1400000000000006,20213612.0,45430948.0,65644560,,,
C,1789629303.0,15:15:03,2.1299999999999955,20203568.0,45440992.0,65644560,,,
C,1789629304.0,15:15:04,1.8799999999999955,20194592.0,45449968.0,65644560,,,
C,1789629305.0,15:15:05,2.1299999999999955,20177084.0,45467476.0,65644560,,,
C,1789629306.0,15:15:06,1.7600000000000051,20170732.0,45473828.0,65644560,,,
C,1789629307.0,15:15:07,2.1700000000000017,20175896.0,45468664.0,65644560,,,
C,1789629308.0,15:15:08,2.25,20170700.0,45473860.0,65644560,,,
C,1789629309.0,15:15:09,1.8400000000000034,20168952.0,45475608.0,65644560,,,
C,1789629310.0,15:15:10,2.1700000000000017,20160740.0,45483820.0,65644560,,,
C,1789629311.0,15:15:11,2.1700000000000017,20161716.0,45482844.0,65644560,,,
C,1789629312.0,15:15:12,2.3900000000000006,20208440.0,45436120.0,65644560,,,
C,1789629313.0,15:15:13,2.5799999999999983,20205752.0,45438808.0,65644560,,,
C,1789629314.0,15:15:14,2.1700000000000017,20195256.0,45449304.0,65644560,,,
C,1789629315.0,15:15:15,2.180000000000007,20197012.0,45447548.0,65644560,,,
C,1789629316.0,15:15:16,2.1299999999999955,20192356.0,45452204.0,65644560,,,
C,1789629317.0,15:15:17,1.9699999999999989,20192652.0,45451908.0,65644560,,,
C,1789629318.0,15:15:18,2.0900000000000034,20190708.0,45453852.0,65644560,,,
C,1789629319.0,15:15:19,2.1299999999999955,20195936.0,45448624.0,65644560,,,
C,1789629320.0,15:15:20,2.1299999999999955,20193016.0,45451544.0,65644560,,,
C,1789629321.0,15:15:21,2.1299999999999955,20182380.0,45462180.0,65644560,,,
C,1789629322.0,15:15:22,2.549999999999997,20182120.0,45462440.0,65644560,,,
C,1789629323.0,15:15:23,2.5,20107760.0,45536800.0,65644560,,,
C,1789629324.0,15:15:24,1.9599999999999937,20107412.0,45537148.0,65644560,,,
C,1789629325.0,15:15:25,1.9599999999999937,20088512.0,45556048.0,65644560,,,
C,1789629326.0,15:15:26,2.1299999999999955,20083756.0,45560804.0,65644560,,,
C,1789629327.0,15:15:27,2.1299999999999955,20084316.0,45560244.0,65644560,,,
C,1789629328.0,15:15:28,2.0900000000000034,20081740.0,45562820.0,65644560,,,
C,1789629329.0,15:15:29,1.9200000000000017,20079752.0,45564808.0,65644560,,,
C,1789629330.0,15:15:30,2.0900000000000034,20079400.0,45565160.0,65644560,,,
C,1789629331.0,15:15:31,2.25,20086140.0,45558420.0,65644560,,,
C,1789629332.0,15:15:32,2.4200000000000017,20044244.0,45600316.0,65644560,,,
C,1789629333.0,15:15:33,1.9200000000000017,20046236.0,45598324.0,65644560,,,
C,1789629334.0,15:15:34,2.0400000000000063,20044332.0,45600228.0,65644560,,,
C,1789629335.0,15:15:35,2.1299999999999955,20043040.0,45601520.0,65644560,,,
C,1789629336.0,15:15:36,2.0400000000000063,20046592.0,45597968.0,65644560,,,
C,1789629337.0,15:15:37,2.0900000000000034,20042904.0,45601656.0,65644560,,,
C,1789629338.0,15:15:38,2.1700000000000017,20040168.0,45604392.0,65644560,,,
C,1789629339.0,15:15:39,2.0400000000000063,20041876.0,45602684.0,65644560,,,
C,1789629340.0,15:15:40,1.9599999999999937,20042240.0,45602320.0,65644560,,,
C,1789629341.0,15:15:41,2.1700000000000017,20044808.0,45599752.0,65644560,,,
C,1789629342.0,15:15:42,3.3299999999999983,20044388.0,45600172.0,65644560,,,
C,1789629343.0,15:15:43,2.299999999999997,20048600.0,45595960.0,65644560,,,
C,1789629344.0,15:15:44,2.2099999999999937,20045836.0,45598724.0,65644560,,,
C,1789629345.0,15:15:45,2.2900000000000063,20044924.0,45599636.0,65644560,,,
C,1789629346.0,15:15:46,1.7999999999999972,20045640.0,45598920.0,65644560,,,
C,1789629347.0,15:15:47,2.760000000000005,20057808.0,45586752.0,65644560,,,
C,1789629348.0,15:15:48,2.799999999999997,20165720.0,45478840.0,65644560,,,
C,1789629349.0,15:15:49,2.680000000000007,20403876.0,45240684.0,65644560,,,
C,1789629350.0,15:15:50,2.680000000000007,20365760.0,45278800.0,65644560,,,
C,1789629351.0,15:15:51,2.8799999999999955,20343216.0,45301344.0,65644560,,,
C,1789629352.0,15:15:52,3.8499999999999943,20331736.0,45312824.0,65644560,,,
C,1789629353.0,15:15:53,8.569999999999993,20459864.0,45184696.0,65644560,,,
C,1789629354.0,15:15:54,7.010000000000005,20452572.0,45191988.0,65644560,,,
C,1789629355.0,15:15:55,5.510000000000005,20452768.0,45191792.0,65644560,,,
C,1789629356.0,15:15:56,1.9200000000000017,20434692.0,45209868.0,65644560,,,
C,1789629357.0,15:15:57,1.9200000000000017,20414692.0,45229868.0,65644560,,,
C,1789629358.0,15:15:58,1.8799999999999955,20385172.0,45259388.0,65644560,,,
C,1789629359.0,15:15:59,1.8400000000000034,20368260.0,45276300.0,65644560,,,
C,1789629360.0,15:16:00,1.7999999999999972,20359448.0,45285112.0,65644560,,,
C,1789629361.0,15:16:01,1.6700000000000017,20346140.0,45298420.0,65644560,,,
C,1789629362.0,15:16:02,2.510000000000005,20328856.0,45315704.0,65644560,,,
C,1789629363.0,15:16:03,1.9599999999999937,20313976.0,45330584.0,65644560,,,
C,1789629364.0,15:16:04,1.9200000000000017,20299048.0,45345512.0,65644560,,,
C,1789629365.0,15:16:05,2.3400000000000034,20284752.0,45359808.0,65644560,,,
C,1789629366.0,15:16:06,1.7999999999999972,20271148.0,45373412.0,65644560,,,
C,1789629367.0,15:16:07,2.2099999999999937,20265424.0,45379136.0,65644560,,,
C,1789629368.0,15:16:08,1.7099999999999937,20263184.0,45381376.0,65644560,,,
C,1789629369.0,15:16:09,1.9699999999999989,20260748.0,45383812.0,65644560,,,
C,1789629370.0,15:16:10,2.3799999999999955,20246332.0,45398228.0,65644560,,,
C,1789629371.0,15:16:11,2.010000000000005,20249480.0,45395080.0,65644560,,,
C,1789629372.0,15:16:12,2.4200000000000017,20249772.0,45394788.0,65644560,,,
C,1789629373.0,15:16:13,2.1700000000000017,20250244.0,45394316.0,65644560,,,
C,1789629374.0,15:16:14,1.9200000000000017,20244060.0,45400500.0,65644560,,,
C,1789629375.0,15:16:15,3.010000000000005,20246512.0,45398048.0,65644560,,,
C,1789629376.0,15:16:16,2.1299999999999955,20241200.0,45403360.0,65644560,,,
C,1789629377.0,15:16:17,1.9200000000000017,20240248.0,45404312.0,65644560,,,
C,1789629378.0,15:16:18,2.2900000000000063,20236268.0,45408292.0,65644560,,,
C,1789629379.0,15:16:19,1.9599999999999937,20236780.0,45407780.0,65644560,,,
C,1789629380.0,15:16:20,2.010000000000005,20235592.0,45408968.0,65644560,,,
C,1789629381.0,15:16:21,2.049999999999997,20229064.0,45415496.0,65644560,,,
C,1789629382.0,15:16:22,2.6700000000000017,20187816.0,45456744.0,65644560,,,
C,1789629383.0,15:16:23,2.0900000000000034,20112980.0,45531580.0,65644560,,,
C,1789629384.0,15:16:24,2.4200000000000017,20114236.0,45530324.0,65644560,,,
C,1789629385.0,15:16:25,2.5900000000000034,20106716.0,45537844.0,65644560,,,
